date,open,high,low,close,adjclose,volume
"Jan 16, 2026",693.66,694.25,690.10,691.66,691.66,79246300
"Jan 15, 2026",694.57,695.45,691.25,692.24,692.24,77862000
"Jan 14, 2026",691.00,691.72,686.04,690.36,690.36,94676700
"Jan 13, 2026",695.49,696.09,691.35,693.77,693.77,78309700
"Jan 12, 2026",690.68,696.09,690.63,695.16,695.16,63976000
"Jan 9, 2026",690.63,695.31,689.18,694.07,694.07,80125500
"Jan 8, 2026",688.82,690.62,687.49,689.51,689.51,64019200
"Jan 7, 2026",692.19,693.96,689.32,689.58,689.58,75588300
"Jan 6, 2026",687.93,692.32,687.78,691.81,691.81,69273800
"Jan 5, 2026",686.54,689.43,686.38,687.72,687.72,71927200
"Jan 2, 2026",685.71,686.87,679.82,683.17,683.17,89377200
"Dec 31, 2025",687.14,687.36,681.71,681.92,681.92,74144800
"Dec 30, 2025",687.45,688.56,686.58,687.01,687.01,47160700
"Dec 29, 2025",687.54,689.20,686.07,687.85,687.85,62559500
"Dec 26, 2025",690.64,691.66,689.27,690.31,690.31,41613300
"Dec 24, 2025",687.95,690.83,687.80,690.38,690.38,39445600
"Dec 23, 2025",683.92,688.20,683.87,687.96,687.96,64840000
"Dec 22, 2025",683.94,685.36,680.59,684.83,684.83,69556700
"Dec 19, 2025",676.59,681.09,676.47,680.59,680.59,103599500
"Dec 18, 2025",677.60,680.74,674.90,676.47,674.48,108650100
"Dec 17, 2025",679.89,680.44,671.20,671.40,669.42,110625200
"Dec 16, 2025",679.23,681.08,674.98,678.87,676.87,122030600
"Dec 15, 2025",685.74,685.76,679.25,680.73,678.72,90811000
"Dec 12, 2025",688.17,688.88,679.17,681.76,679.75,113160300
"Dec 11, 2025",685.14,689.25,682.17,689.17,687.14,86173700
"Dec 10, 2025",682.56,688.97,681.31,687.57,685.54,85671300
"Dec 9, 2025",683.15,685.39,682.59,683.04,681.03,58310100
"Dec 8, 2025",686.59,686.64,681.57,683.63,681.62,55231500
"Dec 5, 2025",685.47,688.39,684.58,685.69,683.67,79241000
"Dec 4, 2025",685.30,685.37,681.34,684.39,682.37,61970300
"Dec 3, 2025",680.57,684.91,679.69,683.89,681.88,57238500
"Dec 2, 2025",681.92,683.82,679.33,681.53,679.52,62953800
"Dec 1, 2025",678.81,682.99,678.74,680.27,678.27,61201200
"Nov 28, 2025",680.86,683.67,680.50,683.39,681.38,49212000
"Nov 26, 2025",677.63,681.70,676.72,679.68,677.68,71879600
"Nov 25, 2025",668.63,676.21,664.48,675.02,673.03,81077100
"Nov 24, 2025",662.69,670.06,661.59,668.73,666.76,80437900
"Nov 21, 2025",655.05,664.55,650.85,659.03,657.09,123956200
"Nov 20, 2025",672.91,675.56,651.89,652.53,650.61,165293500
"Nov 19, 2025",660.78,667.34,658.75,662.63,660.68,94703000
"Nov 18, 2025",662.10,665.12,655.86,660.08,658.14,114467500
"Nov 17, 2025",669.70,673.71,662.17,665.67,663.71,90456100
"Nov 14, 2025",665.38,675.66,663.27,671.93,669.95,96846700
"Nov 13, 2025",680.50,680.86,670.52,672.04,670.06,103457800
"Nov 12, 2025",684.79,684.96,680.95,683.38,681.37,62312500
"Nov 11, 2025",679.95,683.57,678.73,683.00,680.99,58953400
"Nov 10, 2025",677.24,682.18,675.03,681.44,679.43,75842900
"Nov 7, 2025",667.91,671.08,661.21,670.97,668.99,100592400
"Nov 6, 2025",676.47,677.38,668.72,670.31,668.34,85035300
"Nov 5, 2025",674.98,680.86,674.17,677.58,675.58,74402400
"Nov 4, 2025",676.11,679.96,674.58,675.24,673.25,78427000
"Nov 3, 2025",685.67,685.80,679.94,683.34,681.33,57315000
"Oct 31, 2025",685.04,685.08,679.24,682.06,680.05,87164100
"Oct 30, 2025",683.90,685.94,679.83,679.83,677.83,76335800
"Oct 29, 2025",688.72,689.70,682.87,687.39,685.36,85657100
"Oct 28, 2025",687.05,688.91,684.83,687.06,685.04,61738100
"Oct 27, 2025",682.73,685.54,682.12,685.24,683.22,63339800
"Oct 24, 2025",676.46,678.47,675.65,677.25,675.25,74356500
"Oct 23, 2025",668.12,672.71,667.80,671.76,669.78,65604500
"Oct 22, 2025",672.00,672.00,663.30,667.80,665.83,80564000
"Oct 21, 2025",671.44,672.99,669.98,671.29,669.31,56249000
"Oct 20, 2025",667.32,672.21,667.27,671.30,669.32,60493400
"Oct 17, 2025",659.50,665.76,658.14,664.39,662.43,96500900
"Oct 16, 2025",666.82,668.71,657.11,660.64,658.69,110563300
"Oct 15, 2025",666.82,670.23,658.93,665.17,663.21,81702600
"Oct 14, 2025",657.17,665.83,653.17,662.23,660.28,88779600
"Oct 13, 2025",660.65,665.13,659.77,663.04,661.09,79560500
"Oct 10, 2025",672.13,673.95,652.84,653.02,651.10,159422600
"Oct 9, 2025",673.53,673.94,669.21,671.16,669.18,66501900
"Oct 8, 2025",670.25,673.21,669.42,673.11,671.13,60702200
"Oct 7, 2025",672.54,672.99,667.67,669.12,667.15,72020100
"Oct 6, 2025",671.62,672.51,669.46,671.61,669.63,54623300
"Oct 3, 2025",669.99,672.68,668.16,669.21,667.24,70494400
"Oct 2, 2025",670.45,670.57,666.78,669.22,667.25,56896000
"Oct 1, 2025",663.17,669.37,663.06,668.45,666.48,72545400
"Sep 30, 2025",662.93,666.65,661.61,666.18,664.22,86288000
"Sep 29, 2025",664.36,665.28,661.86,663.68,661.72,73499000
"Sep 26, 2025",659.51,662.37,657.88,661.82,659.87,69179200
"Sep 25, 2025",657.94,659.41,654.41,658.05,656.11,89622100
"Sep 24, 2025",664.51,664.61,659.67,661.10,659.15,68082200
"Sep 23, 2025",666.72,667.34,661.98,663.21,661.26,81708900
"Sep 22, 2025",662.20,667.29,662.17,666.84,664.88,69452200
"Sep 19, 2025",662.33,664.55,660.37,663.70,661.74,97945600
"Sep 18, 2025",661.89,664.89,660.27,662.26,658.48,90459200
"Sep 17, 2025",660.01,661.72,654.30,659.18,655.42,101952200
"Sep 16, 2025",661.47,661.78,659.21,660.00,656.24,61169000
"Sep 15, 2025",659.64,661.04,659.34,660.91,657.14,63772400
"Sep 12, 2025",657.60,659.11,656.90,657.41,653.66,72780100
"Sep 11, 2025",654.18,658.33,653.59,657.63,653.88,69934400
"Sep 10, 2025",653.62,654.55,650.63,652.21,648.49,78034500
"Sep 9, 2025",648.97,650.86,647.22,650.33,646.62,66133900
"Sep 8, 2025",648.62,649.84,647.23,648.83,645.13,63133100
"Sep 5, 2025",651.48,652.21,643.33,647.24,643.55,85178900
"Sep 4, 2025",644.42,649.15,643.51,649.12,645.42,65219200
"Sep 3, 2025",642.67,644.21,640.46,643.74,640.07,70820900
"Sep 2, 2025",637.50,640.49,634.92,640.27,636.62,81983500
"Aug 29, 2025",647.47,647.84,643.14,645.05,641.37,74522200
"Aug 28, 2025",647.24,649.48,645.34,648.92,645.22,61519500
"Aug 27, 2025",644.57,647.37,644.42,646.63,642.94,48341100
"Aug 26, 2025",642.20,645.51,641.57,645.16,641.48,51581600
"Aug 25, 2025",644.04,645.29,642.35,642.47,638.81,51274300
"Aug 22, 2025",637.76,646.50,637.25,645.31,641.63,84083200
"Aug 21, 2025",636.28,637.97,633.81,635.55,631.93,54805800
"Aug 20, 2025",639.40,639.66,632.95,638.11,634.47,88890300
"Aug 19, 2025",643.12,644.11,638.48,639.81,636.16,69750700
"Aug 18, 2025",642.86,644.00,642.18,643.30,639.63,43804900
"Aug 15, 2025",645.99,646.09,642.52,643.44,639.77,68592500
"Aug 14, 2025",642.79,645.62,642.34,644.95,641.27,59327500
"Aug 13, 2025",644.91,646.19,642.68,644.89,641.21,60092800
"Aug 12, 2025",638.29,642.85,636.79,642.69,639.02,64730800
"Aug 11, 2025",637.46,638.95,634.66,635.92,632.29,58742300
"Aug 8, 2025",634.06,637.65,633.74,637.18,633.55,64051600
"Aug 7, 2025",636.24,636.98,629.11,632.25,628.64,74205800
"Aug 6, 2025",629.05,633.44,628.13,632.78,629.17,64357500
"Aug 5, 2025",631.79,632.61,627.04,627.97,624.39,68051400
"Aug 4, 2025",625.67,631.22,625.58,631.17,627.57,73218000
"Aug 1, 2025",626.30,626.34,619.29,621.72,618.17,140103600
"Jul 31, 2025",639.46,639.85,630.77,632.08,628.48,103385200
"Jul 30, 2025",635.92,637.68,631.54,634.46,630.84,80418900
"Jul 29, 2025",638.35,638.67,634.34,635.26,631.64,60556300
"Jul 28, 2025",637.48,638.04,635.54,636.94,633.31,54917100
"Jul 25, 2025",635.09,637.58,634.84,637.10,633.47,56865400
"Jul 24, 2025",634.60,636.15,633.99,634.42,630.80,71307100
"Jul 23, 2025",631.55,634.21,629.73,634.21,630.59,70511000
"Jul 22, 2025",629.10,629.73,626.19,628.86,625.27,60046300
"Jul 21, 2025",628.77,631.54,628.34,628.77,625.18,63375000
"Jul 18, 2025",629.30,629.47,626.46,627.58,624.00,65621600
"Jul 17, 2025",624.40,628.40,624.18,628.04,624.46,68885700
"Jul 16, 2025",623.74,624.73,618.05,624.22,620.66,88987500
"Jul 15, 2025",627.52,627.86,622.06,622.14,618.59,74317300
"Jul 14, 2025",623.16,625.16,621.80,624.81,621.25,51898500
"Jul 11, 2025",622.74,624.86,621.53,623.62,620.06,63670200
"Jul 10, 2025",624.20,626.87,623.01,625.82,622.25,57529000
"Jul 9, 2025",622.77,624.72,620.91,624.06,620.50,66113300
"Jul 8, 2025",621.35,622.11,619.52,620.34,616.80,59024600
"Jul 7, 2025",623.36,624.03,617.87,620.68,617.14,74814500
"Jul 3, 2025",622.45,626.28,622.43,625.34,621.77,51065800
"Jul 2, 2025",617.24,620.49,616.61,620.45,616.91,66510400
"Jul 1, 2025",616.36,618.83,615.52,617.65,614.13,70030100
"Jun 30, 2025",617.38,619.22,615.04,617.85,614.33,92502500
"Jun 27, 2025",612.88,616.39,610.83,614.91,611.40,86258400
"Jun 26, 2025",608.99,612.31,608.37,611.87,608.38,78548400
"Jun 25, 2025",607.91,608.61,605.54,607.12,603.66,62114800
"Jun 24, 2025",604.33,607.85,603.41,606.78,603.32,67735300
"Jun 23, 2025",595.04,600.54,591.89,600.15,596.73,87426000
"Jun 20, 2025",598.38,599.46,592.86,594.28,590.89,94051400
"Jun 18, 2025",598.44,601.22,596.47,597.44,592.28,76605000
"Jun 17, 2025",600.21,601.75,596.76,597.53,592.37,82209400
"Jun 16, 2025",600.40,604.45,600.22,602.68,597.48,79984100
"Jun 13, 2025",598.50,601.85,595.48,597.00,591.85,89506000
"Jun 12, 2025",600.01,603.75,599.52,603.75,598.54,64129000
"Jun 11, 2025",604.19,605.06,599.27,601.36,596.17,73658200
"Jun 10, 2025",600.22,603.47,599.09,603.08,597.87,66247000
"Jun 9, 2025",599.72,601.25,598.49,599.68,594.50,53016400
"Jun 6, 2025",598.66,600.83,596.86,599.14,593.97,66588700
"Jun 5, 2025",597.63,599.00,591.05,593.05,587.93,92278700
"Jun 4, 2025",596.96,597.95,595.49,595.93,590.78,57314200
"Jun 3, 2025",592.34,597.08,591.85,596.09,590.94,63606200
"Jun 2, 2025",587.76,592.79,585.06,592.71,587.59,61630500
"May 30, 2025",588.93,591.13,583.24,589.39,584.30,90601200
"May 29, 2025",593.06,593.20,586.07,590.05,584.96,69973300
"May 28, 2025",591.56,592.77,586.99,587.73,582.66,68445500
"May 27, 2025",586.07,591.31,578.43,591.15,586.05,72588500
"May 23, 2025",575.98,581.81,575.60,579.11,574.11,76029000
"May 22, 2025",582.66,586.62,581.41,583.09,578.06,70860400
"May 21, 2025",588.44,592.58,581.82,582.86,577.83,95197700
"May 20, 2025",593.09,594.05,589.60,592.85,587.73,60614500
"May 19, 2025",588.10,595.54,588.10,594.85,589.71,68168500
"May 16, 2025",591.25,594.50,589.28,594.20,589.07,76052100
"May 15, 2025",585.56,590.97,585.10,590.46,585.36,71268100
"May 14, 2025",587.81,588.98,585.54,587.59,582.52,66283500
"May 13, 2025",583.41,589.08,582.84,586.84,581.77,67947200
"May 12, 2025",581.47,583.00,577.04,582.99,577.96,78993600
"May 9, 2025",566.48,567.50,562.76,564.34,559.47,37603400
"May 8, 2025",565.24,570.31,561.70,565.06,560.18,65130800
"May 7, 2025",560.15,563.82,556.04,561.15,556.31,55588000
"May 6, 2025",557.93,563.35,556.96,558.80,553.98,48264700
"May 5, 2025",562.57,566.65,561.70,563.51,558.64,38659200
"May 2, 2025",564.73,568.38,562.38,566.76,561.87,60717300
"May 1, 2025",560.37,564.07,557.86,558.47,553.65,63186100
"Apr 30, 2025",547.57,556.52,541.52,554.54,549.75,93101500
"Apr 29, 2025",548.91,555.45,548.55,554.32,549.53,47775100
"Apr 28, 2025",551.39,553.55,545.02,550.85,546.09,47613800
"Apr 25, 2025",546.65,551.05,543.69,550.64,545.89,61119600
"Apr 24, 2025",536.72,547.43,535.45,546.69,541.97,64150400
"Apr 23, 2025",540.43,545.43,533.88,535.42,530.80,90590700
"Apr 22, 2025",520.14,529.30,519.19,527.25,522.70,75948100
"Apr 21, 2025",521.16,521.70,508.46,513.88,509.44,69368100
"Apr 17, 2025",527.64,531.17,523.91,526.41,521.87,79868100
"Apr 16, 2025",531.68,537.89,520.29,525.66,521.12,83484800
"Apr 15, 2025",539.67,543.23,536.81,537.61,532.97,56892900
"Apr 14, 2025",544.05,544.28,533.86,539.12,534.47,68034000
"Apr 11, 2025",523.01,536.43,520.07,533.94,529.33,97866300
"Apr 10, 2025",532.17,533.50,509.32,524.58,520.05,162331200
"Apr 9, 2025",493.44,548.62,493.05,548.62,543.88,241867300
"Apr 8, 2025",521.86,524.98,489.16,496.48,492.19,165816600
"Apr 7, 2025",489.19,523.17,481.80,504.38,500.03,256611400
"Apr 4, 2025",523.67,525.87,505.06,505.28,500.92,217965100
"Apr 3, 2025",545.11,547.97,536.70,536.70,532.07,125986000
"Apr 2, 2025",555.05,567.42,554.81,564.52,559.65,76014500
"Apr 1, 2025",557.45,562.94,553.68,560.97,556.13,54609600
"Mar 31, 2025",549.83,560.71,546.87,559.39,554.56,95328200
"Mar 28, 2025",565.53,566.27,555.07,555.66,550.86,71662700
"Mar 27, 2025",567.18,570.90,564.94,567.08,562.18,42164200
"Mar 26, 2025",575.19,576.33,567.19,568.59,563.68,51848300
"Mar 25, 2025",575.30,576.41,573.69,575.46,570.49,38355700
"Mar 24, 2025",570.80,575.15,570.20,574.08,569.12,58766800
"Mar 21, 2025",559.28,564.89,558.03,563.98,559.11,83763000
"Mar 20, 2025",563.33,570.57,562.60,565.49,558.93,62958200
"Mar 19, 2025",562.83,570.95,561.63,567.13,560.55,66556000
"Mar 18, 2025",564.80,565.02,559.06,561.02,554.51,66041400
"Mar 17, 2025",562.79,569.71,562.35,567.15,560.57,49008700
"Mar 14, 2025",556.11,563.83,551.49,562.81,556.28,62660300
"Mar 13, 2025",558.49,559.11,549.68,551.42,545.02,74079400
"Mar 12, 2025",562.17,563.11,553.69,558.87,552.38,69588200
"Mar 11, 2025",559.40,564.02,552.02,555.92,549.47,88102100
"Mar 10, 2025",567.59,569.54,555.59,560.58,554.07,99326600
"Mar 7, 2025",570.90,577.39,565.63,575.92,569.24,81158800
"Mar 6, 2025",575.48,580.17,570.12,572.71,566.06,80094900
"Mar 5, 2025",576.69,584.88,573.08,583.06,576.29,71230500
"Mar 4, 2025",579.71,585.39,572.25,576.86,570.16,109648200
"Mar 3, 2025",596.18,597.34,579.90,583.77,576.99,74249200
"Feb 28, 2025",585.56,594.72,582.44,594.18,587.28,88744100
"Feb 27, 2025",596.85,598.02,584.65,585.05,578.26,74196700
"Feb 26, 2025",595.93,599.58,591.86,594.54,587.64,43321600
"Feb 25, 2025",597.15,597.89,589.56,594.24,587.34,58266500
"Feb 24, 2025",602.02,603.03,596.49,597.21,590.28,50737200
"Feb 21, 2025",610.16,610.30,599.47,599.94,592.98,76519800
"Feb 20, 2025",611.54,611.68,607.02,610.38,603.30,36554000
"Feb 19, 2025",610.08,613.23,609.56,612.93,605.82,31011100
"Feb 18, 2025",610.88,611.49,608.38,611.49,604.39,26749000
"Feb 14, 2025",609.94,610.99,609.07,609.70,602.62,26910400
"Feb 13, 2025",604.48,609.94,603.20,609.73,602.65,40921300
"Feb 12, 2025",599.20,604.55,598.51,603.36,596.36,45076100
"Feb 11, 2025",602.55,605.86,602.43,605.31,598.28,30056700
"Feb 10, 2025",604.03,605.50,602.74,604.85,597.83,26048700
"Feb 7, 2025",606.89,608.13,600.05,600.77,593.80,50788500
"Feb 6, 2025",605.99,606.45,602.63,606.32,599.28,35771500
"Feb 5, 2025",600.64,604.37,598.58,604.22,597.21,30653100
"Feb 4, 2025",597.83,602.30,597.28,601.78,594.80,33457800
"Feb 3, 2025",592.67,600.29,590.49,597.77,590.83,65857200
"Jan 31, 2025",607.50,609.96,601.05,601.82,594.83,66566900
"Jan 30, 2025",603.96,606.60,600.72,605.04,598.02,39281300
"Jan 29, 2025",603.72,604.13,599.22,601.81,594.82,37177400
"Jan 28, 2025",600.62,605.37,597.25,604.52,597.50,44433300
"Jan 27, 2025",594.81,599.69,594.64,599.37,592.41,70361100
"Jan 24, 2025",609.81,610.78,606.80,607.97,600.91,34604700
"Jan 23, 2025",605.80,609.75,605.52,609.75,602.67,41152100
"Jan 22, 2025",605.92,607.82,605.36,606.44,599.40,48196000
"Jan 21, 2025",600.67,603.06,598.67,603.05,596.05,42532900
"Jan 17, 2025",596.96,599.36,595.61,597.58,590.64,58070600
"Jan 16, 2025",594.17,594.35,590.93,591.64,584.77,43319700
"Jan 15, 2025",590.33,593.94,589.20,592.78,585.90,56900200
"Jan 14, 2025",584.36,585.00,578.35,582.19,575.43,48420600
"Jan 13, 2025",575.77,581.75,575.35,581.39,574.64,47910100
"Jan 10, 2025",585.88,585.95,578.55,580.49,573.75,73105000
"Jan 8, 2025",588.70,590.58,585.20,589.49,582.65,47304700
"Jan 7, 2025",597.42,597.75,586.78,588.63,581.80,60393100
"Jan 6, 2025",596.27,599.70,593.60,595.36,588.45,47679400
"Jan 3, 2025",587.53,592.60,586.43,591.95,585.08,37888500
"Jan 2, 2025",589.39,591.13,580.50,584.64,577.85,50204000
"Dec 31, 2024",589.91,590.64,584.42,586.08,579.28,57052700
"Dec 30, 2024",587.89,591.74,584.41,588.22,581.39,56578800
"Dec 27, 2024",597.54,597.78,590.76,595.01,588.10,64969300
"Dec 26, 2024",599.50,602.48,598.08,601.34,594.36,41219100
"Dec 24, 2024",596.06,601.34,595.47,601.30,594.32,33160100
"Dec 23, 2024",590.89,595.30,587.66,594.69,587.79,57635800
"Dec 20, 2024",581.77,595.75,580.91,591.15,584.29,125716700
"Dec 19, 2024",591.36,593.00,585.85,586.10,577.35,85919500
"Dec 18, 2024",603.98,606.41,585.89,586.28,577.53,108248700
"Dec 17, 2024",604.19,605.17,602.89,604.29,595.27,55773500
"Dec 16, 2024",606.00,607.78,605.21,606.79,597.74,43695200
"Dec 13, 2024",606.40,607.13,602.81,604.21,595.19,35904700
"Dec 12, 2024",606.58,607.16,604.33,604.33,595.31,31543800
"Dec 11, 2024",605.78,608.43,605.50,607.46,598.40,28677700
"Dec 10, 2024",605.37,605.80,602.13,602.80,593.80,37234500
"Dec 9, 2024",607.69,607.86,604.08,604.68,595.66,34742700
"Dec 6, 2024",607.44,609.07,607.02,607.81,598.74,31241500
"Dec 5, 2024",607.66,608.48,606.30,606.66,597.61,28762200
"Dec 4, 2024",605.63,607.91,604.95,607.66,598.59,42787600
"Dec 3, 2024",603.39,604.16,602.34,603.91,594.90,26906600
"Dec 2, 2024",602.97,604.32,602.47,603.63,594.62,31746000
"Nov 29, 2024",599.66,603.35,599.38,602.55,593.56,30177400
"Nov 27, 2024",600.46,600.85,597.28,598.83,589.89,34000200
"Nov 26, 2024",598.80,601.33,598.07,600.65,591.69,45621300
"Nov 25, 2024",599.52,600.86,595.20,597.53,588.61,42441400
"Nov 22, 2024",593.66,596.15,593.15,595.51,586.62,38226400
"Nov 21, 2024",593.40,595.12,587.45,593.67,584.81,46750300
"Nov 20, 2024",590.38,590.79,584.63,590.50,581.69,50032600
"Nov 19, 2024",584.71,591.04,584.03,590.30,581.49,49412000
"Nov 18, 2024",586.22,589.49,585.34,588.15,579.37,37001700
"Nov 15, 2024",589.72,590.20,583.86,585.75,577.01,75988800
"Nov 14, 2024",597.32,597.81,592.65,593.35,584.50,38904100
"Nov 13, 2024",597.37,599.23,594.96,597.19,588.28,47388600
"Nov 12, 2024",598.68,599.29,594.37,596.90,587.99,43006100
"Nov 11, 2024",599.81,600.17,597.00,598.76,589.83,37586800
"Nov 8, 2024",596.17,599.64,596.17,598.19,589.26,46444900
"Nov 7, 2024",593.08,596.65,593.00,595.61,586.72,47233200
"Nov 6, 2024",589.20,591.93,585.39,591.04,582.22,68182000
"Nov 5, 2024",570.74,576.74,570.52,576.70,568.09,39478300
"Nov 4, 2024",571.18,572.50,567.89,569.81,561.31,38217000
"Nov 1, 2024",571.32,575.55,570.62,571.04,562.52,45667500
"Oct 31, 2024",575.56,575.63,568.44,568.64,560.15,60182500
"Oct 30, 2024",581.29,583.32,579.29,580.01,571.35,41435800
"Oct 29, 2024",579.85,582.91,578.43,581.77,573.09,42899700
"Oct 28, 2024",582.58,582.71,580.52,580.83,572.16,30174700
"Oct 25, 2024",581.51,584.46,578.08,579.04,570.40,47268200
"Oct 24, 2024",579.98,580.06,576.57,579.24,570.60,34979900
"Oct 23, 2024",581.26,581.71,574.42,577.99,569.36,49314600
"Oct 22, 2024",581.05,584.50,580.38,583.32,574.62,34183800
"Oct 21, 2024",583.85,584.85,580.60,583.63,574.92,36439000
"Oct 18, 2024",584.07,585.39,582.58,584.59,575.87,37416800
"Oct 17, 2024",585.91,586.12,582.16,582.35,573.66,34393700
"Oct 16, 2024",579.78,582.83,578.96,582.30,573.61,30725400
"Oct 15, 2024",584.59,584.90,578.54,579.78,571.13,54203600
"Oct 14, 2024",581.22,585.27,580.73,584.32,575.60,36217200
"Oct 11, 2024",576.05,580.33,575.91,579.58,570.93,42268000
"Oct 10, 2024",575.77,577.58,574.49,576.13,567.53,44138100
"Oct 9, 2024",573.16,577.71,572.55,577.14,568.53,37912200
"Oct 8, 2024",570.42,573.78,569.53,573.17,564.62,37398700
"Oct 7, 2024",571.30,571.96,566.63,567.80,559.33,49964700
"Oct 4, 2024",572.35,573.36,568.10,572.98,564.43,42939100
"Oct 3, 2024",567.36,569.80,565.49,567.82,559.35,40846500
"Oct 2, 2024",567.71,569.90,565.27,568.86,560.37,38097800
"Oct 1, 2024",573.40,574.06,566.00,568.62,560.13,72668800
"Sep 30, 2024",570.42,574.38,568.08,573.76,565.20,63557400
"Sep 27, 2024",573.39,574.22,570.42,571.47,562.94,42100900
"Sep 26, 2024",574.38,574.71,569.90,572.30,563.76,48336000
"Sep 25, 2024",571.14,571.89,568.91,570.04,561.53,38428600
"Sep 24, 2024",570.48,571.36,567.60,571.30,562.77,46805700
"Sep 23, 2024",569.34,570.33,568.10,569.67,561.17,44116900
"Sep 20, 2024",567.84,569.31,565.17,568.25,559.77,77503100
"Sep 19, 2024",571.01,572.88,568.08,570.98,560.74,75315500
"Sep 18, 2024",563.74,568.69,560.83,561.40,551.33,59044900
"Sep 17, 2024",565.10,566.58,560.79,563.07,552.97,49321000
"Sep 16, 2024",561.74,563.11,559.90,562.84,552.75,36656100
"Sep 13, 2024",559.71,563.03,559.45,562.01,551.93,39310500
"Sep 12, 2024",555.01,559.40,552.74,559.09,549.06,51819600
"Sep 11, 2024",548.70,555.36,539.96,554.42,544.48,75248600
"Sep 10, 2024",548.36,549.15,543.38,548.79,538.95,36394600
"Sep 9, 2024",544.65,547.71,542.68,546.41,536.61,40445800
"Sep 6, 2024",549.94,551.60,539.44,540.36,530.67,68493800
"Sep 5, 2024",550.89,553.80,547.10,549.61,539.75,44264300
"Sep 4, 2024",550.20,554.43,549.46,550.95,541.07,47224900
"Sep 3, 2024",560.47,560.81,549.51,552.08,542.18,60600100
"Aug 30, 2024",560.77,564.20,557.14,563.68,553.57,62700100
"Aug 29, 2024",560.31,563.68,557.18,558.35,548.34,38715200
"Aug 28, 2024",561.21,561.65,555.04,558.30,548.29,41066000
"Aug 27, 2024",559.49,562.06,558.32,561.56,551.49,32693900
"Aug 26, 2024",563.18,563.91,559.05,560.79,550.73,35788600
"Aug 23, 2024",559.53,563.09,557.29,562.13,552.05,50639400
"Aug 22, 2024",562.56,563.18,554.98,556.22,546.24,56121500
"Aug 21, 2024",559.77,562.11,554.73,560.62,550.57,41514600
"Aug 20, 2024",559.15,560.84,557.33,558.70,548.68,33732300
"Aug 19, 2024",554.73,559.61,553.86,559.61,549.57,39121800
"Aug 16, 2024",551.42,555.02,551.26,554.31,544.37,44430700
"Aug 15, 2024",549.50,553.36,548.88,553.07,543.15,60846800
"Aug 14, 2024",542.85,544.96,540.12,543.75,534.00,42446900
"Aug 13, 2024",536.53,542.28,536.28,542.04,532.32,52333100
"Aug 12, 2024",534.21,535.73,530.95,533.27,523.71,42542100
"Aug 9, 2024",529.81,534.51,528.56,532.99,523.43,45619600
"Aug 8, 2024",523.91,531.29,521.84,530.65,521.13,63276600
"Aug 7, 2024",528.47,531.59,518.05,518.66,509.36,70698300
"Aug 6, 2024",519.22,529.75,517.87,522.15,512.79,84826300
"Aug 5, 2024",511.64,523.58,510.27,517.38,508.10,146267400
"Aug 2, 2024",535.75,536.99,528.60,532.90,523.34,82789100
"Aug 1, 2024",552.57,554.87,539.43,543.01,533.27,76428700
"Jul 31, 2024",548.98,553.50,547.58,550.81,540.93,65663400
"Jul 30, 2024",546.26,547.34,538.52,542.00,532.28,46853600
"Jul 29, 2024",546.02,547.05,542.72,544.76,534.99,39515800
"Jul 26, 2024",542.28,547.19,541.49,544.44,534.68,53763800
"Jul 25, 2024",541.35,547.46,537.45,538.41,528.75,61158300
"Jul 24, 2024",548.86,549.17,540.29,541.23,531.52,74515300
"Jul 23, 2024",554.54,556.74,553.28,553.78,543.85,34439600
"Jul 22, 2024",553.00,555.27,551.02,554.65,544.70,43346700
"Jul 19, 2024",552.42,554.08,547.91,548.99,539.14,65509100
"Jul 18, 2024",558.51,559.52,550.43,552.66,542.75,56270400
"Jul 17, 2024",558.80,560.51,556.61,556.94,546.95,57119000
"Jul 16, 2024",562.87,565.16,562.10,564.86,554.73,36475300
"Jul 15, 2024",562.03,564.84,559.63,561.53,551.46,40584300
"Jul 12, 2024",557.63,563.67,557.15,559.99,549.95,53084400
"Jul 11, 2024",561.44,562.33,555.83,556.48,546.50,53054200
"Jul 10, 2024",557.07,561.67,556.77,561.32,551.25,38701200
"Jul 9, 2024",556.26,557.18,555.52,555.82,545.85,27289700
"Jul 8, 2024",555.44,556.25,554.19,555.28,545.32,36110500
"Jul 5, 2024",551.77,555.05,551.12,554.64,544.69,41488400
"Jul 3, 2024",548.69,551.83,548.65,551.46,541.57,32789900
"Jul 2, 2024",543.70,549.01,543.65,549.01,539.16,40434800
"Jul 1, 2024",545.63,545.88,542.52,545.34,535.56,40297800
"Jun 28, 2024",547.16,550.28,542.95,544.22,534.46,76144500
"Jun 27, 2024",545.37,546.96,544.61,546.37,536.57,35041500
"Jun 26, 2024",543.69,546.24,543.03,545.51,535.73,38550600
"Jun 25, 2024",543.99,545.20,542.44,544.83,535.06,37936200
"Jun 24, 2024",544.33,546.95,542.62,542.74,533.01,45528700
"Jun 21, 2024",544.40,545.65,543.02,544.51,534.74,64338600
"Jun 20, 2024",549.44,550.12,545.18,547.00,535.46,70328200
"Jun 18, 2024",547.16,548.62,546.73,548.49,536.92,41376400
"Jun 17, 2024",542.08,548.53,541.61,547.10,535.56,55839500
"Jun 14, 2024",540.88,542.81,539.85,542.78,531.33,40089900
"Jun 13, 2024",543.15,543.33,539.59,542.45,531.01,44760900
"Jun 12, 2024",541.63,544.12,540.30,541.36,529.94,63251300
"Jun 11, 2024",534.07,537.01,532.05,536.95,525.62,36383400
"Jun 10, 2024",533.18,535.99,532.57,535.66,524.36,35686100
"Jun 7, 2024",533.66,536.89,532.54,534.01,522.75,43224500
"Jun 6, 2024",534.98,535.42,532.68,534.66,523.38,30808500
"Jun 5, 2024",530.77,534.69,528.73,534.67,523.39,47610400
"Jun 4, 2024",526.46,529.15,524.96,528.39,517.24,34632700
"Jun 3, 2024",529.02,529.31,522.60,527.80,516.67,46835700
"May 31, 2024",523.59,527.50,518.36,527.37,516.25,90785800
"May 30, 2024",524.52,525.20,521.33,522.61,511.59,46377600
"May 29, 2024",525.68,527.31,525.37,526.10,515.00,45190300
"May 28, 2024",530.27,530.51,527.11,529.81,518.63,36269600
"May 24, 2024",527.85,530.27,526.88,529.44,518.27,41291100
"May 23, 2024",532.96,533.07,524.72,525.96,514.87,57211200
"May 22, 2024",530.65,531.38,527.60,529.83,518.65,48390000
"May 21, 2024",529.28,531.52,529.07,531.36,520.15,33437000
"May 20, 2024",529.57,531.56,529.17,530.06,518.88,37764200
"May 17, 2024",528.81,529.52,527.32,529.45,518.28,59187600
"May 16, 2024",529.88,531.52,528.54,528.69,517.54,50244800
"May 15, 2024",525.83,530.08,525.18,529.78,518.61,59504900
"May 14, 2024",521.11,523.83,520.56,523.30,512.26,57535900
"May 13, 2024",522.56,522.67,519.74,520.91,509.92,36716400
"May 10, 2024",521.81,522.64,519.59,520.84,509.85,52233200
"May 9, 2024",517.38,520.21,516.71,520.17,509.20,43643700
"May 8, 2024",515.26,517.74,515.14,517.19,506.28,42047200
"May 7, 2024",517.56,518.57,516.45,517.14,506.23,52561300
"May 6, 2024",513.75,516.61,513.30,516.57,505.67,47264700
"May 3, 2024",511.16,512.55,508.56,511.29,500.51,72756700
"May 2, 2024",504.15,505.89,499.55,505.03,494.38,62550200
"May 1, 2024",501.38,508.19,499.87,500.35,489.80,80242800
"Apr 30, 2024",508.56,509.56,501.98,501.98,491.39,77483600
"Apr 29, 2024",510.09,510.75,507.25,510.06,499.30,46415400
"Apr 26, 2024",506.35,509.88,505.70,508.26,497.54,64306100
"Apr 25, 2024",499.18,504.27,497.49,503.49,492.87,69122400
"Apr 24, 2024",506.56,507.37,503.13,505.41,494.75,55928100
"Apr 23, 2024",501.78,506.09,499.53,505.65,494.98,64633600
"Apr 22, 2024",497.83,502.38,495.43,499.72,489.18,67961000
"Apr 19, 2024",499.44,500.46,493.86,495.16,484.72,102212600
"Apr 18, 2024",501.98,504.13,498.56,499.52,488.98,74548100
"Apr 17, 2024",506.05,506.22,499.12,500.55,489.99,75910300
"Apr 16, 2024",504.94,506.50,502.21,503.53,492.91,73484000
"Apr 15, 2024",515.13,515.30,503.58,504.45,493.81,92101400
"Apr 12, 2024",514.37,515.82,509.08,510.85,500.07,92561100
"Apr 11, 2024",515.68,519.48,512.08,518.00,507.07,70099000
"Apr 10, 2024",513.48,516.16,512.09,514.12,503.28,82652800
"Apr 9, 2024",520.50,520.75,514.35,519.32,508.37,68049200
"Apr 8, 2024",519.15,520.18,517.89,518.72,507.78,48401800
"Apr 5, 2024",514.46,520.44,514.01,518.43,507.49,74546500
"Apr 4, 2024",523.52,523.87,512.76,513.07,502.25,96858100
"Apr 3, 2024",517.72,520.95,517.67,519.41,508.45,59155800
"Apr 2, 2024",518.24,518.98,516.48,518.84,507.90,74230300
"Apr 1, 2024",523.83,524.38,520.97,522.16,511.15,62477500
"Mar 28, 2024",523.21,524.61,522.78,523.07,512.04,96294900
"Mar 27, 2024",521.71,523.21,519.49,523.17,512.13,82999800
"Mar 26, 2024",521.23,521.58,518.40,518.81,507.87,65463700
"Mar 25, 2024",519.80,520.95,519.61,519.77,508.81,48512100
"Mar 22, 2024",522.11,522.61,520.97,521.21,510.22,79070800
"Mar 21, 2024",523.39,524.11,521.91,522.20,511.19,60256100
"Mar 20, 2024",515.77,520.62,515.08,520.48,509.50,69594600
"Mar 19, 2024",512.15,516.00,511.12,515.71,504.83,60755300
"Mar 18, 2024",514.00,515.48,512.44,512.86,502.04,88893300
"Mar 15, 2024",510.21,511.70,508.12,509.83,499.08,107646300
"Mar 14, 2024",516.97,517.13,511.82,514.95,502.53,110171800
"Mar 13, 2024",517.11,517.29,514.49,515.97,503.52,55104100
"Mar 12, 2024",513.45,517.38,510.86,516.78,504.31,73114400
"Mar 11, 2024",510.48,511.88,508.50,511.28,498.95,62557200
"Mar 8, 2024",515.46,518.22,511.13,511.72,499.37,86532500
"Mar 7, 2024",513.14,515.89,509.81,514.81,502.39,58652100
"Mar 6, 2024",510.55,512.07,508.42,509.75,497.45,68382400
"Mar 5, 2024",510.24,510.70,504.91,507.18,494.94,72855600
"Mar 4, 2024",512.03,514.20,512.00,512.30,499.94,49799300
"Mar 1, 2024",508.98,513.29,508.56,512.85,500.48,76844800
"Feb 29, 2024",508.07,509.74,505.35,508.08,495.82,83924800
"Feb 28, 2024",505.33,506.86,504.96,506.26,494.05,56506600
"Feb 27, 2024",506.70,507.16,504.75,506.93,494.70,48854500
"Feb 26, 2024",508.30,508.75,505.86,505.99,493.78,50386700
"Feb 23, 2024",509.27,510.13,507.10,507.85,495.60,61321800
"Feb 22, 2024",504.01,508.49,503.02,507.50,495.26,76402500
"Feb 21, 2024",495.42,497.37,493.56,497.21,485.21,59293400
"Feb 20, 2024",497.72,498.41,494.45,496.76,484.78,71736700
"Feb 16, 2024",501.70,502.87,498.75,499.51,487.46,75532900
"Feb 15, 2024",499.29,502.20,498.80,502.01,489.90,61683000
"Feb 14, 2024",496.79,499.07,494.40,498.57,486.54,68387800
"Feb 13, 2024",494.53,497.09,490.72,494.08,482.16,113099200
"Feb 12, 2024",501.17,503.50,500.24,500.98,488.89,56502300
"Feb 9, 2024",498.84,501.65,498.49,501.20,489.11,63979400
"Feb 8, 2024",498.10,498.71,497.26,498.32,486.30,52343600
"Feb 7, 2024",496.29,498.53,495.36,498.10,486.08,70556500
"Feb 6, 2024",493.52,494.32,492.05,493.98,482.06,55918600
"Feb 5, 2024",493.70,494.38,490.23,492.55,480.67,75757100
"Feb 2, 2024",489.65,496.05,489.30,494.35,482.42,99228200
"Feb 1, 2024",484.63,489.23,483.80,489.20,477.40,91891600
"Jan 31, 2024",488.62,489.08,482.86,482.88,471.23,126011100
"Jan 30, 2024",490.56,491.62,490.11,490.89,479.05,58618400
"Jan 29, 2024",487.73,491.42,487.17,491.27,479.42,61322800
"Jan 26, 2024",487.59,489.12,486.54,487.41,475.65,76641600
"Jan 25, 2024",487.58,488.31,485.39,488.03,476.26,72525000
"Jan 24, 2024",487.81,488.77,484.88,485.39,473.68,81765000
"Jan 23, 2024",484.01,485.11,482.89,484.86,473.16,49945300
"Jan 22, 2024",484.01,485.22,482.78,483.45,471.79,75844900
"Jan 19, 2024",477.65,482.72,476.54,482.43,470.79,110834500
"Jan 18, 2024",474.01,477.06,472.42,476.49,464.99,91856200
"Jan 17, 2024",471.82,472.79,469.87,472.29,460.90,68843900
"Jan 16, 2024",475.26,476.61,473.06,474.93,463.47,85014900
"Jan 12, 2024",477.84,478.60,475.23,476.68,465.18,58026400
"Jan 11, 2024",477.59,478.12,472.26,476.35,464.86,77940700
"Jan 10, 2024",474.16,477.45,473.87,476.56,465.06,67310600
"Jan 9, 2024",471.87,474.93,471.35,473.88,462.45,65931400
"Jan 8, 2024",468.43,474.75,468.30,474.60,463.15,74879100
"Jan 5, 2024",467.49,470.44,466.43,467.92,456.63,86118900
"Jan 4, 2024",468.30,470.96,467.05,467.28,456.01,84232200
"Jan 3, 2024",470.43,471.19,468.17,468.79,457.48,103585900
"Jan 2, 2024",472.16,473.67,470.49,472.65,461.25,123623700
"Dec 29, 2023",476.49,477.03,473.30,475.31,463.84,122283100
"Dec 28, 2023",476.88,477.55,476.26,476.69,465.19,77158100
"Dec 27, 2023",475.44,476.66,474.89,476.51,465.01,68000300
"Dec 26, 2023",474.07,476.58,473.99,475.65,464.18,55387000
"Dec 22, 2023",473.86,475.38,471.70,473.65,462.22,67160400
"Dec 21, 2023",471.33,472.98,468.84,472.70,461.30,86667500
"Dec 20, 2023",473.96,475.90,467.82,468.26,456.96,102921000
"Dec 19, 2023",472.53,474.92,472.45,474.84,463.38,55761800
"Dec 18, 2023",470.98,472.98,469.89,471.97,460.58,70375300
"Dec 15, 2023",469.49,470.70,467.43,469.33,458.01,141553700
"Dec 14, 2023",472.50,473.73,469.25,472.01,458.76,119026000
"Dec 13, 2023",464.49,470.76,464.12,470.50,457.30,93278000
"Dec 12, 2023",461.63,464.20,460.60,464.10,451.07,68327600
"Dec 11, 2023",459.69,462.17,459.47,461.99,449.02,65002200
"Dec 8, 2023",457.46,460.75,457.21,460.20,447.28,83194400
"Dec 7, 2023",456.91,458.90,456.29,458.23,445.37,66995400
"Dec 6, 2023",458.81,458.84,454.31,454.76,442.00,69124700
"Dec 5, 2023",455.26,457.59,454.87,456.60,443.79,69793500
"Dec 4, 2023",455.60,459.12,454.34,456.69,443.87,72430900
"Dec 1, 2023",455.77,459.65,455.16,459.10,446.22,89183400
"Nov 30, 2023",455.48,456.76,453.34,456.40,443.59,79752700
"Nov 29, 2023",457.15,458.32,454.20,454.61,441.85,63146000
"Nov 28, 2023",454.08,456.27,453.50,454.93,442.16,62115000
"Nov 27, 2023",454.65,455.49,454.08,454.48,441.72,50506000
"Nov 24, 2023",455.07,455.50,454.73,455.30,442.52,29737400
"Nov 22, 2023",454.98,456.38,453.89,455.02,442.25,59394900
"Nov 21, 2023",453.18,454.13,451.96,453.27,440.55,49244600
"Nov 20, 2023",450.53,455.13,450.52,454.26,441.51,69936200
"Nov 17, 2023",450.24,451.42,449.29,450.79,438.14,83133200
"Nov 16, 2023",449.22,450.56,448.12,450.23,437.59,66665800
"Nov 15, 2023",450.11,451.38,448.80,449.68,437.06,77327600
"Nov 14, 2023",446.32,450.06,446.09,448.73,436.14,97176900
"Nov 13, 2023",439.23,441.33,438.42,440.19,427.84,52236100
"Nov 10, 2023",435.98,440.93,433.83,440.61,428.24,89462200
"Nov 9, 2023",438.43,438.47,433.40,433.84,421.66,83174400
"Nov 8, 2023",437.55,438.09,434.87,437.25,424.98,61746000
"Nov 7, 2023",435.69,437.59,434.51,436.93,424.67,64256100
"Nov 6, 2023",435.47,436.15,433.68,435.69,423.46,67831700
"Nov 3, 2023",433.14,436.29,433.01,434.69,422.49,100167800
"Nov 2, 2023",426.58,430.92,426.56,430.76,418.67,94938900
"Nov 1, 2023",419.20,423.50,418.65,422.66,410.80,98068100
"Oct 31, 2023",416.18,418.53,414.21,418.20,406.46,79665200
"Oct 30, 2023",413.56,416.68,412.22,415.59,403.93,86562700
"Oct 27, 2023",414.19,414.60,409.21,410.68,399.15,107367700
"Oct 26, 2023",416.45,417.33,411.60,412.55,400.97,115156800
"Oct 25, 2023",421.89,421.92,417.02,417.55,405.83,94223200
"Oct 24, 2023",422.65,424.82,420.74,423.63,411.74,78564200
"Oct 23, 2023",419.61,424.45,417.80,420.46,408.66,92035100
"Oct 20, 2023",425.98,426.54,421.08,421.19,409.37,123919900
"Oct 19, 2023",430.95,432.82,425.73,426.43,414.46,121323000
"Oct 18, 2023",434.19,435.18,429.09,430.21,418.14,93559800
"Oct 17, 2023",432.81,438.14,432.45,436.02,423.78,75324700
"Oct 16, 2023",433.82,437.14,433.57,436.04,423.80,75433200
"Oct 13, 2023",435.21,436.45,429.88,431.50,419.39,95143100
"Oct 12, 2023",436.95,437.34,431.23,433.66,421.49,81154200
"Oct 11, 2023",435.64,436.58,433.18,436.32,424.07,62451700
"Oct 10, 2023",432.94,437.22,432.53,434.54,422.34,78607300
"Oct 9, 2023",427.58,432.88,427.01,432.29,420.16,80374400
"Oct 6, 2023",421.97,431.13,420.60,429.54,417.48,113273300
"Oct 5, 2023",424.36,425.37,421.17,424.50,412.59,70142700
"Oct 4, 2023",422.07,425.43,420.56,424.66,412.74,87453000
"Oct 3, 2023",425.06,427.37,420.18,421.59,409.76,103760600
"Oct 2, 2023",426.62,428.60,424.46,427.31,415.32,83798600
"Sep 29, 2023",431.67,431.85,425.91,427.48,415.48,115111300
"Sep 28, 2023",425.48,430.25,424.87,428.52,416.49,92258300
"Sep 27, 2023",427.09,427.67,422.29,426.05,414.09,104705800
"Sep 26, 2023",429.09,429.82,425.02,425.88,413.93,96168400
"Sep 25, 2023",429.17,432.27,428.72,432.23,420.10,70874500
"Sep 22, 2023",432.45,434.10,429.99,430.42,418.34,100829700
"Sep 21, 2023",435.70,435.97,431.23,431.39,419.28,104095800
"Sep 20, 2023",444.01,444.44,438.43,438.64,426.33,82562600
"Sep 19, 2023",442.68,443.29,439.94,442.71,430.29,66514600
"Sep 18, 2023",443.05,444.97,442.56,443.63,431.18,55752200
"Sep 15, 2023",447.14,447.48,442.92,443.37,430.93,111848900
"Sep 14, 2023",449.07,451.08,447.72,450.36,436.18,83430800
"Sep 13, 2023",446.22,447.71,445.08,446.51,432.45,60199300
"Sep 12, 2023",446.95,448.53,445.39,445.99,431.95,67565400
"Sep 11, 2023",448.24,448.77,446.47,448.45,434.33,60180100
"Sep 8, 2023",444.90,447.11,444.53,445.52,431.49,61659700
"Sep 7, 2023",443.11,445.55,442.75,444.85,430.85,70355400
"Sep 6, 2023",448.40,448.51,443.81,446.22,432.17,70758500
"Sep 5, 2023",450.73,451.06,449.17,449.24,435.10,55166200
"Sep 1, 2023",453.17,453.67,449.68,451.19,436.99,58944100
"Aug 31, 2023",451.65,452.83,450.16,450.35,436.17,66084600
"Aug 30, 2023",449.51,451.67,448.78,451.01,436.81,69053900
"Aug 29, 2023",442.65,449.45,442.46,449.16,435.02,83081900
"Aug 28, 2023",442.24,443.40,439.97,442.76,428.82,61595400
"Aug 25, 2023",438.68,441.30,435.00,439.97,426.12,102325100
"Aug 24, 2023",444.69,445.22,436.86,436.89,423.14,88517300
"Aug 23, 2023",439.25,443.67,439.10,443.03,429.08,68441000
"Aug 22, 2023",441.18,441.18,437.57,438.15,424.36,64994200
"Aug 21, 2023",437.55,440.11,435.32,439.34,425.51,68719000
"Aug 18, 2023",433.37,437.57,433.01,436.50,422.76,98852000
"Aug 17, 2023",441.16,441.43,435.75,436.29,422.55,95711300
"Aug 16, 2023",442.46,444.18,439.53,439.64,425.80,80107200
"Aug 15, 2023",446.27,446.64,442.30,442.89,428.95,75707500
"Aug 14, 2023",444.70,448.11,444.38,448.11,434.00,47867400
"Aug 11, 2023",443.97,446.70,443.35,445.65,431.62,68690900
"Aug 10, 2023",448.19,451.70,444.70,445.91,431.87,93005500
"Aug 9, 2023",449.03,449.20,444.96,445.75,431.72,78789600
"Aug 8, 2023",448.08,450.70,445.27,448.75,434.62,71361300
"Aug 7, 2023",448.71,450.87,447.99,450.71,436.52,58357500
"Aug 4, 2023",450.72,452.90,446.27,446.81,432.74,100128900
"Aug 3, 2023",448.04,450.79,447.37,448.84,434.71,64276100
"Aug 2, 2023",453.25,453.52,449.35,450.13,435.96,93933400
"Aug 1, 2023",456.27,457.25,455.49,456.48,442.11,55291500
"Jul 31, 2023",457.41,458.16,456.05,457.79,443.38,62040400
"Jul 28, 2023",455.88,457.78,452.49,456.92,442.54,80011800
"Jul 27, 2023",459.02,459.44,451.55,452.49,438.24,92194400
"Jul 26, 2023",454.47,456.99,453.38,455.51,441.17,71052900
"Jul 25, 2023",453.92,456.74,453.87,455.44,441.10,55191200
"Jul 24, 2023",453.37,455.04,452.30,454.20,439.90,54023400
"Jul 21, 2023",453.96,454.17,452.17,452.18,437.94,71275600
"Jul 20, 2023",454.17,455.10,451.44,452.18,437.94,70591600
"Jul 19, 2023",455.01,456.43,454.11,455.20,440.87,65891700
"Jul 18, 2023",450.50,454.86,450.05,454.19,439.89,80668200
"Jul 17, 2023",449.13,451.93,449.08,450.84,436.65,52680200
"Jul 14, 2023",450.48,451.36,448.49,449.28,435.14,69815800
"Jul 13, 2023",447.90,450.38,447.45,449.56,435.41,72425200
"Jul 12, 2023",446.39,447.48,444.91,446.02,431.98,91924500
"Jul 11, 2023",440.45,442.97,439.44,442.46,428.53,64463800
"Jul 10, 2023",438.18,439.84,437.59,439.66,425.82,62443500
"Jul 7, 2023",438.63,442.64,438.30,438.55,424.74,86134200
"Jul 6, 2023",439.42,440.10,437.06,439.66,425.82,80658300
"Jul 5, 2023",441.91,443.89,441.90,443.13,429.18,58418400
"Jul 3, 2023",442.92,444.08,442.63,443.79,429.82,32793400
"Jun 30, 2023",441.44,444.30,441.11,443.28,429.32,104964000
"Jun 29, 2023",435.96,438.28,435.54,438.11,424.32,67882300
"Jun 28, 2023",435.05,437.44,434.41,436.39,422.65,75636000
"Jun 27, 2023",432.35,436.81,431.88,436.17,422.44,72813700
"Jun 26, 2023",432.62,434.61,431.19,431.44,417.86,72823600
"Jun 23, 2023",432.93,435.06,432.47,433.21,419.57,92074500
"Jun 22, 2023",433.95,436.62,433.60,436.51,422.77,70637200
"Jun 21, 2023",436.16,436.99,434.33,434.94,421.25,76982300
"Jun 20, 2023",437.45,438.37,435.03,437.18,423.42,76160400
"Jun 16, 2023",443.02,443.61,438.97,439.46,425.63,114165800
"Jun 15, 2023",436.33,443.90,436.23,442.60,427.08,110303100
"Jun 14, 2023",437.01,439.06,433.59,437.18,421.85,100612100
"Jun 13, 2023",435.32,437.33,434.63,436.66,421.35,95899700
"Jun 12, 2023",430.92,433.88,430.17,433.80,418.59,76104300
"Jun 9, 2023",429.96,431.99,428.87,429.90,414.83,85742800
"Jun 8, 2023",426.62,429.60,425.82,429.13,414.08,61952800
"Jun 7, 2023",428.44,429.62,426.11,426.55,411.59,85373300
"Jun 6, 2023",426.67,428.58,425.99,428.03,413.02,64022200
"Jun 5, 2023",428.28,429.62,426.37,427.10,412.12,65460200
"Jun 2, 2023",424.50,428.74,423.95,427.92,412.91,91426200
"Jun 1, 2023",418.09,422.92,416.79,421.82,407.03,88865000
"May 31, 2023",418.28,419.22,416.22,417.85,403.20,110811800
"May 30, 2023",422.03,422.58,418.74,420.18,405.45,72216000
"May 26, 2023",415.33,420.77,415.25,420.02,405.29,93830000
"May 25, 2023",414.74,416.16,412.41,414.65,400.11,90961600
"May 24, 2023",412.42,412.82,409.88,411.09,396.67,89213700
"May 23, 2023",417.08,418.72,413.68,414.09,399.57,86383500
"May 22, 2023",418.64,420.39,417.35,418.79,404.10,60745400
"May 19, 2023",420.17,420.72,417.35,418.62,403.94,103793300
"May 18, 2023",414.90,419.67,414.67,419.23,404.53,97177200
"May 17, 2023",412.35,415.86,410.64,415.23,400.67,87287000
"May 16, 2023",411.86,412.82,410.24,410.25,395.86,57705500
"May 15, 2023",412.22,413.43,410.23,413.01,398.53,54289400
"May 12, 2023",413.42,413.64,409.07,411.59,397.16,70481500
"May 11, 2023",411.95,412.43,409.97,412.13,397.68,70157100
"May 10, 2023",413.88,414.54,408.87,412.85,398.37,96142900
"May 9, 2023",411.13,412.09,410.69,410.93,396.52,49220100
"May 8, 2023",412.97,413.24,411.28,412.74,398.27,50046800
"May 5, 2023",408.91,413.72,408.64,412.63,398.16,87891800
"May 4, 2023",406.93,407.27,403.74,405.13,390.92,94901900
"May 3, 2023",411.36,413.87,407.77,408.02,393.71,91531800
"May 2, 2023",414.77,414.82,407.82,410.84,396.43,103998500
"May 1, 2023",415.47,417.62,415.27,415.51,400.94,62122300
"Apr 28, 2023",411.49,415.94,411.43,415.93,401.35,89433100
"Apr 27, 2023",407.00,412.69,406.74,412.41,397.95,92968400
"Apr 26, 2023",406.72,407.84,403.78,404.36,390.18,80447000
"Apr 25, 2023",410.58,411.16,406.02,406.08,391.84,97766700
"Apr 24, 2023",411.99,413.07,410.60,412.63,398.16,64332100
"Apr 21, 2023",412.19,412.68,410.17,412.20,397.75,73457400
"Apr 20, 2023",411.21,413.70,410.27,411.88,397.44,75840400
"Apr 19, 2023",412.22,415.08,412.16,414.14,399.62,55227300
"Apr 18, 2023",415.58,415.72,412.78,414.21,399.69,63560000
"Apr 17, 2023",412.37,413.96,411.09,413.94,399.42,66436400
"Apr 14, 2023",412.81,415.09,410.06,412.46,398.00,78161500
"Apr 13, 2023",409.18,413.84,407.99,413.47,398.97,85814800
"Apr 12, 2023",411.87,412.17,407.44,408.05,393.74,86420400
"Apr 11, 2023",410.26,411.18,408.92,409.72,395.35,59297900
"Apr 10, 2023",406.61,409.69,405.97,409.61,395.25,63681000
"Apr 6, 2023",406.77,409.48,405.68,409.19,394.84,63743300
"Apr 5, 2023",407.91,408.70,405.88,407.60,393.31,65200200
"Apr 4, 2023",411.62,411.92,407.24,408.67,394.34,66601500
"Apr 3, 2023",408.85,411.37,408.44,410.95,396.54,67391100
"Mar 31, 2023",404.66,409.70,404.55,409.39,395.03,112062600
"Mar 30, 2023",404.09,404.35,401.76,403.70,389.54,69840000
"Mar 29, 2023",399.93,401.60,398.68,401.35,387.28,77497900
"Mar 28, 2023",395.77,396.49,393.69,395.60,381.73,62871700
"Mar 27, 2023",398.12,398.92,395.56,396.49,382.59,74010400
"Mar 24, 2023",391.84,395.84,389.40,395.75,381.87,107682400
"Mar 23, 2023",395.09,399.29,390.35,393.17,379.38,119351300
"Mar 22, 2023",398.73,402.49,392.07,392.11,378.36,111746600
"Mar 21, 2023",397.24,399.41,395.58,398.91,384.92,91524200
"Mar 20, 2023",390.80,394.17,390.07,393.74,379.93,93055800
"Mar 17, 2023",393.22,394.40,388.55,389.99,376.31,140553400
"Mar 16, 2023",386.82,396.47,386.29,396.11,380.77,143254200
"Mar 15, 2023",385.89,389.49,383.71,389.28,374.20,172996900
"Mar 14, 2023",390.50,393.45,387.05,391.73,376.56,149752400
"Mar 13, 2023",381.81,390.39,380.65,385.36,370.43,157790000
"Mar 10, 2023",390.99,393.16,384.32,385.91,370.96,189253000
"Mar 9, 2023",399.74,401.48,390.53,391.56,376.39,111945300
"Mar 8, 2023",398.39,399.71,396.59,398.92,383.47,74746600
"Mar 7, 2023",404.42,404.67,397.63,398.27,382.84,108310600
"Mar 6, 2023",405.05,407.45,404.01,404.47,388.80,72795900
"Mar 3, 2023",399.71,404.45,399.03,404.19,388.53,90120000
"Mar 2, 2023",392.68,398.69,392.33,397.81,382.40,85127800
"Mar 1, 2023",395.41,396.69,393.38,394.74,379.45,99706800
"Feb 28, 2023",397.23,399.28,396.15,396.26,380.91,96438600
"Feb 27, 2023",399.87,401.29,396.75,397.73,382.32,80444700
"Feb 24, 2023",395.42,397.25,393.64,396.38,381.03,108194400
"Feb 23, 2023",401.56,402.20,396.25,400.66,385.14,96242400
"Feb 22, 2023",399.52,401.13,397.02,398.54,383.10,83742300
"Feb 21, 2023",403.06,404.16,398.82,399.09,383.63,82655900
"Feb 17, 2023",406.06,407.51,404.05,407.26,391.48,89257800
"Feb 16, 2023",408.79,412.91,408.14,408.28,392.47,76431500
"Feb 15, 2023",410.35,414.06,409.47,413.98,397.94,61555700
"Feb 14, 2023",411.24,415.05,408.51,412.64,396.66,88389300
"Feb 13, 2023",408.72,412.97,408.24,412.83,396.84,64913500
"Feb 10, 2023",405.86,408.44,405.01,408.04,392.23,70769700
"Feb 9, 2023",414.41,414.57,405.81,407.09,391.32,78694900
"Feb 8, 2023",413.13,414.53,409.93,410.65,394.74,76227500
"Feb 7, 2023",408.87,416.49,407.57,415.19,399.11,90990700
"Feb 6, 2023",409.79,411.29,408.10,409.83,393.96,60295300
"Feb 3, 2023",411.59,416.97,411.09,412.35,396.38,94736800
"Feb 2, 2023",414.86,418.31,412.88,416.78,400.64,101654500
"Feb 1, 2023",405.21,413.67,402.35,410.80,394.89,101459200
"Jan 31, 2023",401.13,406.53,400.77,406.48,390.74,86811800
"Jan 30, 2023",402.80,405.13,400.28,400.59,385.07,74202000
"Jan 27, 2023",403.66,408.16,403.44,405.68,389.97,68346200
"Jan 26, 2023",403.13,404.92,400.03,404.75,389.07,72287400
"Jan 25, 2023",395.95,400.70,393.56,400.35,384.84,84800300
"Jan 24, 2023",398.88,401.15,397.64,400.20,384.70,59524900
"Jan 23, 2023",396.72,402.65,395.72,400.63,385.11,84178800
"Jan 20, 2023",390.10,396.04,388.38,395.88,380.55,91806400
"Jan 19, 2023",389.36,391.08,387.26,388.64,373.59,86958900
"Jan 18, 2023",399.01,400.12,391.28,391.49,376.33,99632300
"Jan 17, 2023",398.48,400.23,397.06,397.77,382.36,62677300
"Jan 13, 2023",393.62,399.10,393.34,398.50,383.06,63903900
"Jan 12, 2023",396.67,398.49,392.42,396.96,381.58,90157700
"Jan 11, 2023",392.23,395.60,391.38,395.52,380.20,68881100
"Jan 10, 2023",387.25,390.65,386.27,390.58,375.45,65358100
"Jan 9, 2023",390.37,393.70,387.67,387.86,372.84,73978100
"Jan 6, 2023",382.61,389.25,379.41,388.08,373.05,104189600
"Jan 5, 2023",381.72,381.84,378.76,379.38,364.68,76970500
"Jan 4, 2023",383.18,385.88,380.00,383.76,368.90,85934100
"Jan 3, 2023",384.37,386.43,377.83,380.82,366.07,74850700
"Dec 30, 2022",380.64,382.58,378.43,382.43,367.62,84022200
"Dec 29, 2022",379.63,384.35,379.08,383.44,368.59,66970900
"Dec 28, 2022",381.33,383.39,376.42,376.66,362.07,70911500
"Dec 27, 2022",382.79,383.15,379.65,381.40,366.63,51638200
"Dec 23, 2022",379.65,383.06,378.03,382.91,368.08,59857300
"Dec 22, 2022",383.05,386.21,374.77,380.72,365.97,100120900
"Dec 21, 2022",383.25,387.41,382.69,386.23,371.27,78167400
"Dec 20, 2022",379.23,382.23,377.85,380.54,365.80,74427200
"Dec 19, 2022",383.47,383.82,378.28,380.02,365.30,79878100
"Dec 16, 2022",385.18,386.58,381.04,383.27,368.42,119858000
"Dec 15, 2022",394.30,395.25,387.89,389.63,372.83,117705900
"Dec 14, 2022",401.61,405.50,396.31,399.40,382.17,108111300
"Dec 13, 2022",410.22,410.49,399.07,401.97,384.63,123782500
"Dec 12, 2022",394.11,398.95,393.41,398.95,381.74,75405800
"Dec 9, 2022",394.94,397.62,393.15,393.28,376.32,81447700
"Dec 8, 2022",395.14,397.36,393.27,396.24,379.15,60737900
"Dec 7, 2022",392.94,395.64,391.97,393.16,376.20,65927900
"Dec 6, 2022",399.42,399.99,391.64,393.83,376.84,77972200
"Dec 5, 2022",403.95,404.93,398.17,399.59,382.36,77289800
"Dec 2, 2022",402.25,407.86,402.14,406.91,389.36,85342700
"Dec 1, 2022",408.77,410.00,404.75,407.38,389.81,76398200
"Nov 30, 2022",395.49,407.68,393.48,407.68,390.10,144566700
"Nov 29, 2022",396.05,397.30,393.30,395.23,378.18,52310000
"Nov 28, 2022",399.09,400.81,395.11,395.91,378.83,67881600
"Nov 25, 2022",401.83,402.91,401.54,402.33,384.98,30545400
"Nov 23, 2022",399.55,402.93,399.31,402.42,385.06,68261600
"Nov 22, 2022",396.63,400.07,395.15,399.90,382.65,60429000
"Nov 21, 2022",394.64,395.82,392.66,394.59,377.57,51243200
"Nov 18, 2022",397.74,397.81,393.04,396.03,378.95,92922500
"Nov 17, 2022",390.46,394.95,390.14,394.24,377.24,74496300
"Nov 16, 2022",396.78,397.78,394.79,395.45,378.39,68508500
"Nov 15, 2022",401.15,402.31,394.49,398.49,381.30,93194500
"Nov 14, 2022",396.66,400.18,394.83,395.12,378.08,71903500
"Nov 11, 2022",395.59,399.35,393.61,398.51,381.32,93839900
"Nov 10, 2022",388.05,395.04,385.64,394.69,377.67,141455800
"Nov 9, 2022",379.93,381.14,373.61,374.13,357.99,78495500
"Nov 8, 2022",381.11,385.12,377.72,382.00,365.52,84641100
"Nov 7, 2022",377.71,380.57,375.53,379.95,363.56,68286900
"Nov 4, 2022",377.00,378.87,370.00,376.35,360.12,103505200
"Nov 3, 2022",371.47,374.20,368.79,371.01,355.01,87100100
"Nov 2, 2022",383.90,388.63,374.76,374.87,358.70,126990400
"Nov 1, 2022",390.14,390.39,383.29,384.52,367.94,85407600
"Oct 31, 2022",386.44,388.40,385.26,386.21,369.55,96631300
"Oct 28, 2022",379.87,389.52,379.68,389.02,372.24,100302000
"Oct 27, 2022",383.07,385.00,379.33,379.98,363.59,81971800
"Oct 26, 2022",381.62,387.58,381.35,382.02,365.54,104087300
"Oct 25, 2022",378.79,385.25,378.67,384.92,368.32,78846300
"Oct 24, 2022",375.89,380.06,373.11,378.87,362.53,85436900
"Oct 21, 2022",365.12,374.80,363.54,374.29,358.15,131038400
"Oct 20, 2022",368.03,372.67,364.61,365.41,349.65,88283100
"Oct 19, 2022",368.99,371.85,365.55,368.50,352.61,79746900
"Oct 18, 2022",375.13,375.45,367.52,371.13,355.12,97162900
"Oct 17, 2022",364.01,367.98,357.28,366.82,351.00,93168200
"Oct 14, 2022",368.55,370.26,356.96,357.63,342.21,123737000
"Oct 13, 2022",349.21,367.51,348.11,365.97,350.19,147254500
"Oct 12, 2022",358.17,359.82,356.30,356.56,341.18,76991800
"Oct 11, 2022",358.24,363.03,355.71,357.74,342.31,92482800
"Oct 10, 2022",363.96,364.21,357.67,360.02,344.49,76042800
"Oct 7, 2022",368.97,373.29,360.94,362.79,347.14,107789500
"Oct 6, 2022",375.62,378.72,372.68,373.20,357.10,82333500
"Oct 5, 2022",373.39,379.46,370.95,377.09,360.83,88065700
"Oct 4, 2022",372.40,378.00,366.57,377.97,361.67,103602800
"Oct 3, 2022",361.08,368.55,359.21,366.61,350.80,89756500
"Sep 30, 2022",361.80,365.91,357.04,357.18,341.78,153711200
"Sep 29, 2022",366.81,367.11,359.70,362.79,347.14,112952300
"Sep 28, 2022",364.38,372.30,362.60,370.53,354.55,110802200
"Sep 27, 2022",368.02,370.40,360.87,363.38,347.71,108294100
"Sep 26, 2022",366.41,370.21,363.03,364.31,348.60,92581200
"Sep 23, 2022",370.58,370.62,363.29,367.95,352.08,122346900
"Sep 22, 2022",376.58,378.30,373.44,374.22,358.08,89472600
"Sep 21, 2022",386.11,389.31,377.38,377.39,361.11,106746600
"Sep 20, 2022",385.06,386.12,381.20,384.09,367.52,77274900
"Sep 19, 2022",382.26,388.55,382.18,388.55,371.79,73278500
"Sep 16, 2022",384.14,386.25,382.11,385.56,368.93,103084800
"Sep 15, 2022",392.96,395.96,388.78,390.12,371.77,87633800
"Sep 14, 2022",394.47,396.20,391.12,394.60,376.04,85023700
"Sep 13, 2022",401.83,403.10,391.92,393.10,374.61,122947100
"Sep 12, 2022",408.78,411.73,408.46,410.97,391.64,69256300
"Sep 9, 2022",402.74,407.51,402.46,406.60,387.47,76706900
"Sep 8, 2022",395.39,400.86,394.12,400.38,381.54,80821700
"Sep 7, 2022",390.43,398.59,390.20,397.78,379.07,70964200
"Sep 6, 2022",393.13,394.12,388.42,390.76,372.38,76637400
"Sep 2, 2022",400.28,401.56,390.33,392.24,373.79,99632100
"Sep 1, 2022",392.89,396.78,390.04,396.42,377.77,78740100
"Aug 31, 2022",399.93,401.24,395.04,395.18,376.59,76029700
"Aug 30, 2022",403.85,404.10,396.00,398.21,379.48,85652400
"Aug 29, 2022",402.20,405.84,401.20,402.63,383.69,65370800
"Aug 26, 2022",419.39,419.96,405.25,405.31,386.24,103087000
"Aug 25, 2022",415.24,419.56,414.09,419.51,399.77,50942300
"Aug 24, 2022",412.11,415.11,411.39,413.67,394.21,49177800
"Aug 23, 2022",412.90,415.42,411.77,412.35,392.95,49105200
"Aug 22, 2022",417.05,417.23,412.40,413.35,393.90,77695600
"Aug 19, 2022",424.98,425.26,421.22,422.14,402.28,68016900
"Aug 18, 2022",426.86,428.61,425.50,427.89,407.76,49023200
"Aug 17, 2022",425.91,429.50,424.54,426.65,406.58,63563400
"Aug 16, 2022",427.73,431.73,426.88,429.70,409.49,59289000
"Aug 15, 2022",424.77,429.41,424.71,428.86,408.69,54048300
"Aug 12, 2022",422.03,427.21,421.03,427.10,407.01,61694500
"Aug 11, 2022",422.99,424.95,419.21,419.99,400.23,59489700
"Aug 10, 2022",418.78,420.14,416.72,419.99,400.23,68665700
"Aug 9, 2022",412.22,412.75,410.22,411.35,392.00,44931800
"Aug 8, 2022",415.25,417.62,411.83,412.99,393.56,53886100
"Aug 5, 2022",409.66,414.15,409.60,413.47,394.02,56814900
"Aug 4, 2022",414.37,415.09,412.44,414.17,394.69,45656600
"Aug 3, 2022",410.30,415.68,410.00,414.45,394.95,67820600
"Aug 2, 2022",409.12,413.00,406.82,408.06,388.86,63435400
"Aug 1, 2022",409.15,413.41,408.40,410.77,391.45,69997500
"Jul 29, 2022",407.58,413.03,406.77,411.99,392.61,87003700
"Jul 28, 2022",401.89,406.80,398.15,406.07,386.97,73966600
"Jul 27, 2022",394.36,402.88,394.05,401.04,382.17,82342100
"Jul 26, 2022",393.84,394.06,389.95,390.89,372.50,52946400
"Jul 25, 2022",395.75,396.47,393.21,395.57,376.96,53631500
"Jul 22, 2022",398.92,400.18,392.75,395.09,376.50,72197300
"Jul 21, 2022",394.16,398.84,391.63,398.79,380.03,64903900
"Jul 20, 2022",392.47,396.26,391.03,394.77,376.20,71843800
"Jul 19, 2022",386.08,392.87,385.39,392.27,373.82,78506000
"Jul 18, 2022",388.38,389.09,380.66,381.95,363.98,63203600
"Jul 15, 2022",382.55,385.25,380.54,385.13,367.01,79060400
"Jul 14, 2022",373.61,379.05,371.04,377.91,360.13,89704800
"Jul 13, 2022",375.10,381.92,374.66,378.83,361.01,84224600
"Jul 12, 2022",383.65,386.16,378.99,380.83,362.91,62219200
"Jul 11, 2022",385.85,386.87,383.50,384.23,366.15,58366900
"Jul 8, 2022",387.27,390.64,385.66,388.67,370.39,72397800
"Jul 7, 2022",385.12,389.83,383.27,388.99,370.69,64525900
"Jul 6, 2022",382.11,385.87,379.60,383.25,365.22,70426200
"Jul 5, 2022",375.88,381.98,372.90,381.96,363.99,81438000
"Jul 1, 2022",376.56,381.70,373.80,381.24,363.31,74839700
"Jun 30, 2022",376.24,380.66,372.56,377.25,359.50,112508300
"Jun 29, 2022",381.23,382.27,378.42,380.34,362.45,65676000
"Jun 28, 2022",390.23,393.16,380.53,380.65,362.74,86548900
"Jun 27, 2022",391.05,391.36,387.44,388.59,370.31,66009600
"Jun 24, 2022",381.40,390.09,381.37,390.08,371.73,98050300
"Jun 23, 2022",376.64,378.83,372.89,378.06,360.27,79292100
"Jun 22, 2022",370.62,378.72,370.18,374.39,356.78,90059400
"Jun 21, 2022",371.89,376.53,371.81,375.07,357.43,76811900
"Jun 17, 2022",365.51,369.38,362.17,365.86,348.65,111113900
"Jun 16, 2022",370.51,370.94,364.08,366.65,347.90,134473300
"Jun 15, 2022",377.36,383.90,372.12,379.20,359.81,125666800
"Jun 14, 2022",376.85,377.94,370.59,373.87,354.75,104011800
"Jun 13, 2022",379.85,381.81,373.30,375.00,355.82,170004900
"Jun 10, 2022",394.88,395.78,389.75,389.80,369.86,132893900
"Jun 9, 2022",409.34,411.74,401.44,401.44,380.91,86289800
"Jun 8, 2022",413.93,415.82,410.38,411.22,390.19,64350000
"Jun 7, 2022",408.10,416.22,407.61,415.74,394.48,59272400
"Jun 6, 2022",414.78,416.61,410.55,411.79,390.73,57508900
"Jun 3, 2022",412.40,414.04,409.51,410.54,389.54,71874300
"Jun 2, 2022",409.42,417.44,407.04,417.39,396.04,79609600
"Jun 1, 2022",415.17,416.24,406.93,409.59,388.64,86585800
"May 31, 2022",413.55,416.46,410.03,412.93,391.81,95937000
"May 27, 2022",407.91,415.38,407.70,415.26,394.02,84768700
"May 26, 2022",398.67,407.04,398.45,405.31,384.58,82168300
"May 25, 2022",392.31,399.45,391.89,397.37,377.05,91472900
"May 24, 2022",392.56,395.15,386.96,393.89,373.75,91448800
"May 23, 2022",392.83,397.73,390.38,396.92,376.62,76414900
"May 20, 2022",393.25,397.03,380.54,389.63,369.70,131432200
"May 19, 2022",388.62,394.14,387.11,389.46,369.54,98510700
"May 18, 2022",403.50,403.80,390.55,391.86,371.82,117674500
"May 17, 2022",406.53,408.57,402.58,408.32,387.44,83029700
"May 16, 2022",399.98,403.97,397.60,400.09,379.63,78622400
"May 13, 2022",396.71,403.18,395.61,401.72,381.18,104174400
"May 12, 2022",389.37,395.80,385.15,392.34,372.27,125090800
"May 11, 2022",398.07,404.04,391.96,392.75,372.66,142361000
"May 10, 2022",404.49,406.08,394.82,399.09,378.68,132497200
"May 9, 2022",405.10,406.41,396.50,398.17,377.81,155586100
"May 6, 2022",411.10,414.80,405.73,411.34,390.30,151770800
"May 5, 2022",424.55,425.00,409.44,413.81,392.65,172929100
"May 4, 2022",417.08,429.66,413.71,429.06,407.12,144247900
"May 3, 2022",415.01,418.93,413.36,416.38,395.09,100028200
"May 2, 2022",412.07,415.92,405.02,414.48,393.28,158312500
"Apr 29, 2022",423.59,425.87,411.21,412.00,390.93,145491100
"Apr 28, 2022",422.29,429.64,417.60,427.81,405.93,105449100
"Apr 27, 2022",417.24,422.92,415.01,417.27,395.93,122030000
"Apr 26, 2022",425.83,426.04,416.07,416.10,394.82,103996300
"Apr 25, 2022",423.67,428.69,418.84,428.51,406.60,119647700
"Apr 22, 2022",436.91,438.08,425.44,426.04,404.25,132471800
"Apr 21, 2022",448.54,450.01,437.10,438.06,415.66,85417300
"Apr 20, 2022",446.92,447.57,443.48,444.71,421.97,65224400
"Apr 19, 2022",437.86,445.80,437.68,445.04,422.28,77821000
"Apr 18, 2022",436.81,439.75,435.61,437.97,415.57,66002500
"Apr 14, 2022",443.55,444.73,437.68,437.79,415.40,97869500
"Apr 13, 2022",438.03,444.11,437.84,443.31,420.64,74070400
"Apr 12, 2022",443.08,445.75,436.65,438.29,415.88,84363600
"Apr 11, 2022",444.11,445.00,439.39,439.92,417.42,89770500
"Apr 8, 2022",447.97,450.63,445.94,447.57,424.68,79272700
"Apr 7, 2022",445.59,450.69,443.53,448.77,425.82,78097200
"Apr 6, 2022",446.89,448.93,443.47,446.52,423.68,106898000
"Apr 5, 2022",455.22,457.83,449.82,451.03,427.96,74214500
"Apr 4, 2022",453.13,456.91,452.26,456.80,433.44,59601000
"Apr 1, 2022",453.31,453.46,449.14,452.92,429.76,89048800
"Mar 31, 2022",457.89,458.76,451.16,451.64,428.54,121699900
"Mar 30, 2022",460.34,461.20,456.47,458.70,435.24,79666900
"Mar 29, 2022",460.02,462.07,457.18,461.55,437.95,86581500
"Mar 28, 2022",452.06,455.91,450.06,455.91,432.59,68529800
"Mar 25, 2022",451.16,452.98,448.43,452.69,429.54,77101300
"Mar 24, 2022",445.94,450.50,444.76,450.49,427.45,64736900
"Mar 23, 2022",446.91,448.49,443.71,443.80,421.10,79426100
"Mar 22, 2022",445.86,450.58,445.86,449.59,426.60,74650400
"Mar 21, 2022",444.34,446.46,440.68,444.39,421.66,88349800
"Mar 18, 2022",438.00,444.86,437.22,444.52,421.79,106345500
"Mar 17, 2022",433.59,441.07,433.19,441.07,417.22,102676900
"Mar 16, 2022",429.89,435.68,424.80,435.62,412.06,144954800
"Mar 15, 2022",419.77,426.84,418.42,426.17,403.12,106219100
"Mar 14, 2022",420.89,424.55,415.79,417.00,394.45,95729200
"Mar 11, 2022",428.12,428.77,419.53,420.07,397.35,95636300
"Mar 10, 2022",422.52,426.43,420.44,425.48,402.47,93972700
"Mar 9, 2022",425.14,429.51,422.82,427.41,404.30,116990800
"Mar 8, 2022",419.62,427.21,415.12,416.25,393.74,164772700
"Mar 7, 2022",431.55,432.30,419.36,419.43,396.75,137896600
"Mar 4, 2022",431.75,433.37,427.88,432.17,408.80,113978200
"Mar 3, 2022",440.47,441.11,433.80,435.71,412.15,105501700
"Mar 2, 2022",432.37,439.72,431.57,437.89,414.21,117726500
"Mar 1, 2022",435.04,437.17,427.11,429.98,406.73,137785900
"Feb 28, 2022",432.03,438.20,430.70,436.63,413.02,145615000
"Feb 25, 2022",429.61,437.84,427.86,437.75,414.08,121804500
"Feb 24, 2022",411.02,428.76,410.64,428.30,405.14,213942900
"Feb 23, 2022",432.66,433.26,421.35,421.95,399.13,132578000
"Feb 22, 2022",431.89,435.50,425.86,429.57,406.34,124391800
"Feb 18, 2022",437.33,438.66,431.82,434.23,410.75,132642900
"Feb 17, 2022",443.22,446.57,436.42,437.06,413.42,102259100
"Feb 16, 2022",443.93,448.06,441.94,446.60,422.45,84863600
"Feb 15, 2022",443.73,446.28,443.18,446.10,421.97,88482700
"Feb 14, 2022",439.92,441.60,435.34,439.02,415.28,123006300
"Feb 11, 2022",449.41,451.61,438.94,440.46,416.64,153214600
"Feb 10, 2022",451.34,457.71,447.20,449.32,425.02,140103700
"Feb 9, 2022",455.22,457.88,455.01,457.54,432.80,92589900
"Feb 8, 2022",446.73,451.92,445.22,450.94,426.55,81012000
"Feb 7, 2022",449.51,450.99,445.85,447.26,423.07,84472900
"Feb 4, 2022",446.35,452.78,443.83,448.70,424.43,118454400
"Feb 3, 2022",450.95,452.97,445.71,446.60,422.45,118024400
"Feb 2, 2022",455.50,458.12,453.05,457.35,432.62,117361000
"Feb 1, 2022",450.68,453.63,446.94,452.95,428.45,123155400
"Jan 31, 2022",441.24,450.28,439.81,449.91,425.58,152251400
"Jan 28, 2022",432.68,442.00,427.82,441.95,418.05,164457400
"Jan 27, 2022",438.26,441.59,429.45,431.24,407.92,149878300
"Jan 26, 2022",440.72,444.04,428.86,433.38,409.94,186391100
"Jan 25, 2022",433.06,439.72,427.15,434.47,410.97,167997300
"Jan 24, 2022",432.03,440.38,420.76,439.84,416.05,251783900
"Jan 21, 2022",445.56,448.06,437.95,437.98,414.29,202271200
"Jan 20, 2022",453.75,458.74,444.50,446.75,422.59,122379700
"Jan 19, 2022",458.13,459.61,451.46,451.75,427.32,109357600
"Jan 18, 2022",459.74,459.96,455.31,456.49,431.80,109709100
"Jan 14, 2022",461.19,465.09,459.90,464.72,439.59,95890900
"Jan 13, 2022",472.19,472.88,463.44,464.53,439.41,91173100
"Jan 12, 2022",471.59,473.20,468.94,471.02,445.55,67605400
"Jan 11, 2022",465.23,469.85,462.05,469.75,444.35,74303100
"Jan 10, 2022",462.70,465.74,456.60,465.51,440.33,119362000
"Jan 7, 2022",467.95,469.20,464.65,466.09,440.88,85111600
"Jan 6, 2022",467.89,470.82,465.43,467.94,442.63,86858900
"Jan 5, 2022",477.16,477.98,468.28,468.38,443.05,104538900
"Jan 4, 2022",479.22,479.98,475.58,477.55,451.72,71178700
"Jan 3, 2022",476.30,477.85,473.85,477.71,451.88,72668200
"Dec 31, 2021",475.64,476.86,474.67,474.96,449.27,65237400
"Dec 30, 2021",477.93,479.00,475.67,476.16,450.41,55329000
"Dec 29, 2021",476.98,478.56,475.92,477.48,451.66,54503000
"Dec 28, 2021",477.72,478.81,476.06,476.87,451.08,47274600
"Dec 27, 2021",472.06,477.31,472.01,477.26,451.45,56808600
"Dec 23, 2021",468.75,472.19,468.64,470.60,445.15,56439700
"Dec 22, 2021",462.79,467.81,462.58,467.69,442.40,58890200
"Dec 21, 2021",458.61,463.21,456.31,463.06,438.02,69806300
"Dec 20, 2021",454.48,455.40,451.14,454.98,430.37,107134800
"Dec 17, 2021",461.55,464.74,458.06,459.87,435.00,135511600
"Dec 16, 2021",472.57,472.87,464.80,466.45,439.68,116568600
"Dec 15, 2021",463.42,470.86,460.74,470.60,443.59,116899300
"Dec 14, 2021",463.09,465.74,460.25,463.36,436.77,97264100
"Dec 13, 2021",470.19,470.56,466.27,466.57,439.79,87724700
"Dec 10, 2021",469.23,470.90,466.51,470.74,443.72,77159800
"Dec 9, 2021",468.15,469.63,466.14,466.35,439.59,61272600
"Dec 8, 2021",468.70,470.00,466.83,469.52,442.57,72238800
"Dec 7, 2021",464.41,468.88,458.65,468.28,441.40,95484700
"Dec 6, 2021",456.13,460.79,453.56,458.79,432.46,98977500
"Dec 3, 2021",459.17,460.30,448.92,453.42,427.40,137331600
"Dec 2, 2021",450.73,459.07,450.31,457.40,431.15,127637800
"Dec 1, 2021",461.64,464.67,450.29,450.50,424.64,131939200
"Nov 30, 2021",462.00,464.03,455.30,455.56,429.41,148559600
"Nov 29, 2021",464.07,466.56,461.73,464.60,437.94,86268800
"Nov 26, 2021",462.34,463.90,457.77,458.97,432.63,112669600
"Nov 24, 2021",466.06,469.57,465.19,469.44,442.50,61858800
"Nov 23, 2021",467.22,469.10,464.45,468.19,441.32,73206500
"Nov 22, 2021",470.89,473.54,467.35,467.57,440.74,72762000
"Nov 19, 2021",469.61,470.94,468.50,468.89,441.98,57315600
"Nov 18, 2021",469.24,470.01,466.34,469.73,442.77,50625600
"Nov 17, 2021",469.00,469.19,467.48,468.14,441.27,47858300
"Nov 16, 2021",467.15,470.49,467.07,469.28,442.35,48857500
"Nov 15, 2021",468.64,468.81,466.23,467.43,440.60,46980500
"Nov 12, 2021",465.12,467.86,464.11,467.27,440.45,53466700
"Nov 11, 2021",465.21,465.29,463.75,463.77,437.15,34848500
"Nov 10, 2021",465.58,467.38,462.04,463.62,437.01,69429700
"Nov 9, 2021",469.32,469.57,465.88,467.38,440.56,51149100
"Nov 8, 2021",469.70,470.23,468.20,468.93,442.02,50405200
"Nov 5, 2021",469.28,470.65,466.92,468.53,441.64,66390600
"Nov 4, 2021",465.36,467.00,464.99,466.91,440.11,52847100
"Nov 3, 2021",461.30,465.15,460.83,464.72,438.05,52509800
"Nov 2, 2021",460.22,462.23,460.08,461.90,435.39,48908400
"Nov 1, 2021",460.30,460.70,458.20,460.04,433.64,48433600
"Oct 29, 2021",455.87,459.56,455.56,459.25,432.89,70162400
"Oct 28, 2021",455.46,458.40,455.45,458.32,432.02,51437900
"Oct 27, 2021",456.45,457.16,453.86,453.94,427.89,72438000
"Oct 26, 2021",457.20,458.49,455.56,455.96,429.79,56075100
"Oct 25, 2021",454.28,455.90,452.39,455.55,429.40,45214500
"Oct 22, 2021",453.13,454.67,451.05,453.12,427.11,58845100
"Oct 21, 2021",451.77,453.83,451.31,453.59,427.56,41305400
"Oct 20, 2021",451.13,452.73,451.01,452.41,426.45,49571600
"Oct 19, 2021",448.92,450.71,448.27,450.64,424.78,46996800
"Oct 18, 2021",443.97,447.55,443.27,447.19,421.52,62213200
"Oct 15, 2021",444.75,446.26,444.09,445.87,420.28,66260200
"Oct 14, 2021",439.08,442.66,438.58,442.50,417.10,70236800
"Oct 13, 2021",434.71,436.05,431.54,435.18,410.20,72974000
"Oct 12, 2021",435.67,436.10,432.78,433.62,408.73,71181200
"Oct 11, 2021",437.16,440.26,434.62,434.69,409.74,65233300
"Oct 8, 2021",439.48,439.89,437.19,437.86,412.73,74557400
"Oct 7, 2021",438.39,441.68,438.20,438.66,413.48,72437500
"Oct 6, 2021",429.27,435.12,427.54,434.90,409.94,113032200
"Oct 5, 2021",430.24,435.49,429.39,433.10,408.24,90682500
"Oct 4, 2021",433.00,433.96,426.36,428.64,404.04,128570000
"Oct 1, 2021",430.98,436.03,427.23,434.24,409.32,129240100
"Sep 30, 2021",436.02,436.77,428.78,429.14,404.51,140506000
"Sep 29, 2021",435.19,437.04,433.85,434.45,409.52,82329200
"Sep 28, 2021",439.69,440.04,432.94,433.72,408.83,130436300
"Sep 27, 2021",442.81,444.05,441.90,442.64,417.24,61371100
"Sep 24, 2021",441.44,444.67,441.21,443.91,418.43,62094800
"Sep 23, 2021",439.85,444.89,439.60,443.18,417.74,76396000
"Sep 22, 2021",436.05,440.03,433.75,437.86,412.73,102350100
"Sep 21, 2021",436.53,437.91,433.07,433.63,408.74,92526100
"Sep 20, 2021",434.88,436.56,428.86,434.04,409.13,166445500
"Sep 17, 2021",444.92,445.37,441.02,441.40,416.07,118425000
"Sep 16, 2021",447.32,448.36,444.02,447.17,420.16,77786700
"Sep 15, 2021",444.62,448.41,443.44,447.88,420.83,78792200
"Sep 14, 2021",448.12,448.34,443.22,444.17,417.34,78197100
"Sep 13, 2021",448.64,448.92,444.11,446.58,419.61,83738600
"Sep 10, 2021",451.04,451.49,445.31,445.44,418.53,89948200
"Sep 9, 2021",450.70,452.57,448.72,448.98,421.86,57970400
"Sep 8, 2021",450.89,451.67,448.86,450.91,423.67,56181900
"Sep 7, 2021",452.71,452.81,450.74,451.46,424.19,51671500
"Sep 3, 2021",451.98,453.63,451.55,453.08,425.71,47170500
"Sep 2, 2021",453.32,454.05,451.91,453.19,425.82,42501000
"Sep 1, 2021",452.56,453.11,451.55,451.80,424.51,48721400
"Aug 31, 2021",452.13,452.49,450.92,451.56,424.28,59300200
"Aug 30, 2021",450.97,453.07,450.71,452.23,424.91,48357400
"Aug 27, 2021",447.12,450.65,447.06,450.25,423.05,77235100
"Aug 26, 2021",448.61,448.86,446.16,446.26,419.30,57829600
"Aug 25, 2021",448.17,449.46,447.77,448.91,421.79,40529700
"Aug 24, 2021",447.97,448.54,447.42,447.97,420.91,38744700
"Aug 23, 2021",445.16,448.23,443.44,447.26,420.24,54973000
"Aug 20, 2021",440.23,443.71,439.71,443.36,416.58,72008700
"Aug 19, 2021",436.27,441.14,436.12,439.86,413.29,92812200
"Aug 18, 2021",442.96,444.63,438.92,439.18,412.65,89351900
"Aug 17, 2021",444.24,444.96,440.85,444.04,417.22,92673900
"Aug 16, 2021",444.53,447.11,442.87,446.97,419.97,73740000
"Aug 13, 2021",445.59,445.94,445.07,445.92,418.99,39470300
"Aug 12, 2021",443.62,445.26,442.66,445.11,418.22,38909400
"Aug 11, 2021",443.82,443.88,442.62,443.78,416.97,44034300
"Aug 10, 2021",442.61,443.44,441.88,442.68,415.94,43339300
"Aug 9, 2021",442.46,442.80,441.31,442.13,415.42,41222600
"Aug 6, 2021",442.10,442.94,441.80,442.49,415.76,46930000
"Aug 5, 2021",440.22,441.85,439.88,441.76,415.08,38969700
"Aug 4, 2021",439.78,441.12,438.73,438.98,412.46,46732200
"Aug 3, 2021",438.44,441.28,436.10,441.15,414.50,58053900
"Aug 2, 2021",440.34,440.93,437.21,437.59,411.16,58783300
"Jul 30, 2021",437.91,440.06,437.77,438.51,412.02,68951200
"Jul 29, 2021",439.82,441.80,439.81,440.65,414.03,47435300
"Jul 28, 2021",439.68,440.30,437.31,438.83,412.32,52472400
"Jul 27, 2021",439.91,439.94,435.99,439.01,412.49,67397100
"Jul 26, 2021",439.31,441.03,439.26,441.02,414.38,43719200
"Jul 23, 2021",437.52,440.30,436.79,439.94,413.37,63766600
"Jul 22, 2021",434.74,435.72,433.69,435.46,409.16,47878500
"Jul 21, 2021",432.34,434.70,431.01,434.55,408.30,64724400
"Jul 20, 2021",425.68,432.42,424.83,431.06,405.02,99608200
"Jul 19, 2021",426.19,431.41,421.97,424.97,399.30,147987000
"Jul 16, 2021",436.01,436.06,430.92,431.34,405.29,75874700
"Jul 15, 2021",434.81,435.53,432.72,434.75,408.49,55126400
"Jul 14, 2021",437.40,437.92,434.91,436.24,409.89,64130400
"Jul 13, 2021",436.24,437.84,435.31,435.59,409.28,52911300
"Jul 12, 2021",435.43,437.35,434.97,437.08,410.68,52889600
"Jul 9, 2021",432.53,435.84,430.71,435.52,409.21,76238600
"Jul 8, 2021",428.78,431.73,427.52,430.92,404.89,97595200
"Jul 7, 2021",433.66,434.76,431.51,434.46,408.22,63549500
"Jul 6, 2021",433.78,434.01,430.01,432.93,406.78,68710400
"Jul 2, 2021",431.67,434.10,430.52,433.72,407.52,57697700
"Jul 1, 2021",428.87,430.60,428.80,430.43,404.43,53441000
"Jun 30, 2021",427.21,428.78,427.18,428.06,402.20,64827900
"Jun 29, 2021",427.88,428.56,427.13,427.70,401.87,35970500
"Jun 28, 2021",427.17,427.65,425.89,427.47,401.65,53159600
"Jun 25, 2021",425.90,427.09,425.55,426.61,400.84,58129500
"Jun 24, 2021",424.89,425.55,424.62,425.10,399.42,45110300
"Jun 23, 2021",423.19,424.05,422.51,422.60,397.07,49445400
"Jun 22, 2021",420.85,424.00,420.08,423.11,397.55,57700300
"Jun 21, 2021",416.80,421.06,415.93,420.86,395.44,72822000
"Jun 18, 2021",417.09,417.83,414.70,414.92,389.86,118676300
"Jun 17, 2021",421.67,423.02,419.32,421.97,395.19,90949700
"Jun 16, 2021",424.63,424.87,419.92,422.11,395.32,80386100
"Jun 15, 2021",425.42,425.46,423.54,424.48,397.54,51508500
"Jun 14, 2021",424.43,425.37,423.10,425.26,398.27,42358500
"Jun 11, 2021",424.20,424.43,422.82,424.31,397.38,45570800
"Jun 10, 2021",422.96,424.63,421.55,423.61,396.73,51020100
"Jun 9, 2021",423.18,423.26,421.41,421.65,394.89,48436300
"Jun 8, 2021",423.11,423.21,420.32,422.28,395.48,47134300
"Jun 7, 2021",422.59,422.78,421.19,422.19,395.40,51555000
"Jun 4, 2021",420.75,422.92,418.84,422.60,395.78,55938800
"Jun 3, 2021",417.85,419.99,416.28,418.77,392.19,58138800
"Jun 2, 2021",420.37,421.23,419.29,420.33,393.65,49097100
"Jun 1, 2021",422.57,422.72,419.20,419.67,393.04,54216600
"May 28, 2021",420.97,421.25,419.79,420.04,393.38,58520200
"May 27, 2021",420.17,420.72,418.99,419.29,392.68,56707700
"May 26, 2021",418.87,419.61,417.76,419.07,392.47,43088600
"May 25, 2021",420.33,420.71,417.62,418.24,391.70,57451400
"May 24, 2021",417.34,420.32,417.08,419.17,392.57,51376700
"May 21, 2021",416.87,418.20,414.45,414.94,388.61,76578700
"May 20, 2021",411.80,416.63,411.67,415.28,388.92,78022200
"May 19, 2021",406.92,411.05,405.33,410.86,384.78,106467100
"May 18, 2021",415.80,416.06,411.77,411.94,385.80,59810200
"May 17, 2021",415.39,416.39,413.36,415.52,389.15,65129200
"May 14, 2021",413.21,417.49,413.18,416.58,390.14,82201600
"May 13, 2021",407.07,412.35,407.02,410.28,384.24,106394000
"May 12, 2021",411.23,412.59,404.00,405.41,379.68,134811000
"May 11, 2021",413.10,415.27,410.06,414.21,387.92,116888000
"May 10, 2021",422.50,422.74,417.81,417.94,391.41,81852400
"May 7, 2021",419.89,422.82,419.16,422.12,395.33,67733800
"May 6, 2021",415.83,419.21,413.68,419.07,392.47,74321400
"May 5, 2021",417.38,417.63,415.15,415.75,389.36,60162200
"May 4, 2021",416.07,416.60,411.67,415.62,389.24,101591200
"May 3, 2021",419.43,419.84,417.67,418.20,391.66,68128300
"Apr 30, 2021",417.63,418.54,416.34,417.30,390.82,85527000
"Apr 29, 2021",420.32,420.72,416.44,420.06,393.40,78544300
"Apr 28, 2021",417.81,419.01,416.90,417.40,390.91,51238900
"Apr 27, 2021",417.93,418.14,416.30,417.52,391.02,51303100
"Apr 26, 2021",417.44,418.22,416.81,417.61,391.11,52182400
"Apr 23, 2021",412.87,418.25,412.79,416.74,390.29,73209200
"Apr 22, 2021",415.89,416.78,411.13,412.27,386.10,97582800
"Apr 21, 2021",411.51,416.29,411.36,416.07,389.66,66793000
"Apr 20, 2021",413.91,415.09,410.59,412.17,386.01,81851800
"Apr 19, 2021",416.26,416.74,413.79,415.21,388.86,78498500
"Apr 16, 2021",417.25,417.91,415.73,417.26,390.78,82037300
"Apr 15, 2021",413.74,416.16,413.69,415.87,389.48,60229800
"Apr 14, 2021",412.83,413.96,410.87,411.45,385.34,61659900
"Apr 13, 2021",411.53,413.53,411.12,412.86,386.66,56551000
"Apr 12, 2021",410.85,411.93,410.20,411.64,385.51,56704900
"Apr 9, 2021",408.39,411.67,408.26,411.49,385.37,61104600
"Apr 8, 2021",407.93,408.58,406.93,408.52,382.59,57863100
"Apr 7, 2021",405.94,406.96,405.45,406.59,380.79,55836300
"Apr 6, 2021",405.76,407.24,405.40,406.12,380.35,62021000
"Apr 5, 2021",403.46,406.94,403.38,406.36,380.57,91684800
"Apr 1, 2021",398.40,400.67,398.18,400.61,375.18,99682900
"Mar 31, 2021",395.34,398.00,395.31,396.33,371.18,112734200
"Mar 30, 2021",394.42,395.45,393.02,394.73,369.68,76262200
"Mar 29, 2021",394.40,396.75,392.81,395.78,370.66,108107600
"Mar 26, 2021",390.93,396.41,390.29,395.98,370.85,114409100
"Mar 25, 2021",385.98,390.55,383.90,389.70,364.97,116128600
"Mar 24, 2021",391.00,392.75,387.47,387.52,362.93,97588600
"Mar 23, 2021",391.91,393.46,388.66,389.50,364.78,90686600
"Mar 22, 2021",390.03,394.07,389.97,392.59,367.67,73778600
"Mar 19, 2021",389.88,391.57,387.15,389.48,364.76,113624500
"Mar 18, 2021",394.48,396.72,390.75,391.48,365.44,115349100
"Mar 17, 2021",394.53,398.12,393.30,397.26,370.83,97959300
"Mar 16, 2021",397.07,397.83,395.08,395.91,369.57,73722500
"Mar 15, 2021",394.33,396.69,392.03,396.41,370.04,73427200
"Mar 12, 2021",392.07,394.21,391.20,394.06,367.85,64653600
"Mar 11, 2021",392.23,395.65,391.74,393.53,367.35,86245000
"Mar 10, 2021",389.69,391.40,388.17,389.58,363.66,109899400
"Mar 9, 2021",385.85,389.91,385.31,387.17,361.41,113633600
"Mar 8, 2021",384.66,387.68,381.42,381.72,356.33,123149200
"Mar 5, 2021",380.46,384.76,372.64,383.63,358.11,152039600
"Mar 4, 2021",381.22,384.00,371.88,376.70,351.64,183433000
"Mar 3, 2021",385.79,386.83,381.31,381.42,356.05,119940200
"Mar 2, 2021",389.82,390.07,386.00,386.54,360.83,79595300
"Mar 1, 2021",385.59,390.92,380.57,389.58,363.66,105348800
"Feb 26, 2021",384.35,385.58,378.23,380.36,355.06,152701600
"Feb 25, 2021",390.41,391.88,380.78,382.33,356.90,146670500
"Feb 24, 2021",386.33,392.23,385.27,391.77,365.71,72433900
"Feb 23, 2021",384.66,388.95,380.20,387.50,361.72,107284100
"Feb 22, 2021",387.06,389.62,386.74,387.03,361.28,67414200
"Feb 19, 2021",392.07,392.38,389.55,390.03,364.08,83241000
"Feb 18, 2021",389.59,391.52,387.74,390.72,364.73,59712800
"Feb 17, 2021",390.42,392.66,389.33,392.39,366.29,52290600
"Feb 16, 2021",393.96,394.17,391.53,392.30,366.20,50972400
"Feb 12, 2021",389.85,392.90,389.77,392.64,366.52,50593300
"Feb 11, 2021",391.24,391.69,388.10,390.71,364.72,42913300
"Feb 10, 2021",392.12,392.28,387.50,390.08,364.13,59154400
"Feb 9, 2021",389.61,390.89,389.17,390.25,364.29,35551100
"Feb 8, 2021",389.27,390.56,388.35,390.51,364.53,38365200
"Feb 5, 2021",388.20,388.47,386.14,387.71,361.92,48669800
"Feb 4, 2021",382.96,386.24,381.97,386.19,360.50,47142600
"Feb 3, 2021",382.44,383.70,380.48,381.85,356.45,52427100
"Feb 2, 2021",379.65,383.22,376.32,381.55,356.17,64450700
"Feb 1, 2021",373.72,377.34,370.38,376.23,351.20,75817600
"Jan 29, 2021",375.63,376.67,368.27,370.07,345.45,126765100
"Jan 28, 2021",376.36,381.93,375.89,377.63,352.51,94198100
"Jan 27, 2021",380.22,380.32,372.01,374.41,349.50,123351100
"Jan 26, 2021",385.41,385.85,383.54,383.79,358.26,42665300
"Jan 25, 2021",383.67,384.77,378.46,384.39,358.82,70402000
"Jan 22, 2021",382.25,384.13,381.84,382.88,357.41,52860500
"Jan 21, 2021",384.49,384.95,383.25,384.24,358.68,47840100
"Jan 20, 2021",381.11,384.79,380.69,383.89,358.35,61836100
"Jan 19, 2021",378.34,379.23,376.75,378.65,353.46,51233300
